#
# A fatal error has been detected by the Java Runtime Environment:
#
#  EXCEPTION_ACCESS_VIOLATION (0xc0000005) at pc=0x00007ff8f6ede0a9, pid=2352, tid=16608
#
# JRE version: OpenJDK Runtime Environment Microsoft-8035246 (17.0.8+7) (build 17.0.8+7-LTS)
# Java VM: OpenJDK 64-Bit Server VM Microsoft-8035246 (17.0.8+7-LTS, mixed mode, sharing, tiered, compressed oops, compressed class ptrs, g1 gc, windows-amd64)
# Problematic frame:
# V  [jvm.dll+0x2be0a9]
#
# No core dump will be written. Minidumps are not enabled by default on client versions of Windows
#
# If you would like to submit a bug report, please visit:
#   https://github.com/microsoft/openjdk/issues
#

---------------  S U M M A R Y ------------

Command Line: -XX:MaxMetaspaceSize=512m --add-opens=java.base/java.util=ALL-UNNAMED --add-opens=java.base/java.lang=ALL-UNNAMED --add-opens=java.base/java.lang.invoke=ALL-UNNAMED --add-opens=java.prefs/java.util.prefs=ALL-UNNAMED --add-opens=java.base/java.nio.charset=ALL-UNNAMED --add-opens=java.base/java.net=ALL-UNNAMED --add-opens=java.base/java.util.concurrent.atomic=ALL-UNNAMED -Xmx2048m -Dfile.encoding=windows-1252 -Duser.country=BR -Duser.language=pt -Duser.variant -javaagent:C:\Users\Franc\.gradle\wrapper\dists\gradle-8.6-all\3mbtmo166bl6vumsh5k2lkq5h\gradle-8.6\lib\agents\gradle-instrumentation-agent-8.6.jar org.gradle.launcher.daemon.bootstrap.GradleDaemon 8.6

Host: Intel(R) Core(TM) i5-10300H CPU @ 2.50GHz, 8 cores, 7G,  Windows 10 , 64 bit Build 19041 (10.0.19041.3636)
Time: Wed Jun 12 19:27:10 2024 Hora Padrão de Caracas elapsed time: 62.787048 seconds (0d 0h 1m 2s)

---------------  T H R E A D  ---------------

Current thread (0x00000209fb324f10):  JavaThread "C2 CompilerThread1" daemon [_thread_in_native, id=16608, stack(0x0000002d06c00000,0x0000002d06d00000)]


Current CompileTask:
C2:  62787 17856   !   4       org.gradle.cache.internal.DefaultMultiProcessSafeIndexedCache::getIfPresent (25 bytes)

Stack: [0x0000002d06c00000,0x0000002d06d00000],  sp=0x0000002d06cfb5e0,  free space=1005k
Native frames: (J=compiled Java code, j=interpreted, Vv=VM code, C=native code)
V  [jvm.dll+0x2be0a9]
V  [jvm.dll+0x21ba8b]
V  [jvm.dll+0x21944b]
V  [jvm.dll+0x1a56b6]
V  [jvm.dll+0x2291ea]
V  [jvm.dll+0x22724c]
V  [jvm.dll+0x7efd0c]
V  [jvm.dll+0x7ea13a]
V  [jvm.dll+0x67ad85]
C  [ucrtbase.dll+0x21bb2]
C  [KERNEL32.DLL+0x17344]
C  [ntdll.dll+0x4cc91]


siginfo: EXCEPTION_ACCESS_VIOLATION (0xc0000005), reading address 0x0000000000000028


Register to memory mapping:

RIP=0x00007ff8f6ede0a9 jvm.dll
RAX=0x00000209fde7f080 points into unknown readable memory: 0x0000000000000000 | 00 00 00 00 00 00 00 00
RBX=0x000000000000119d is an unknown value
RCX=0x0 is NULL
RDX=0x0 is NULL
RSP=0x0000002d06cfb5e0 is pointing into the stack for thread: 0x00000209fb324f10
RBP=0x0000002d06cfb650 is pointing into the stack for thread: 0x00000209fb324f10
RSI=0x0 is NULL
RDI=0x000000000000003a is an unknown value
R8 =0x000000000000ffe0 is an unknown value
R9 =0x0 is NULL
R10=0x00007ff938b80000 VCRUNTIME140.dll
R11=0x00000209fde7f0a0 points into unknown readable memory: 0x0000000000000000 | 00 00 00 00 00 00 00 00
R12=0x0000000000000050 is an unknown value
R13=0x0 is NULL
R14=0x0 is NULL
R15=0x0000002d06cfe800 is pointing into the stack for thread: 0x00000209fb324f10


Registers:
RAX=0x00000209fde7f080, RBX=0x000000000000119d, RCX=0x0000000000000000, RDX=0x0000000000000000
RSP=0x0000002d06cfb5e0, RBP=0x0000002d06cfb650, RSI=0x0000000000000000, RDI=0x000000000000003a
R8 =0x000000000000ffe0, R9 =0x0000000000000000, R10=0x00007ff938b80000, R11=0x00000209fde7f0a0
R12=0x0000000000000050, R13=0x0000000000000000, R14=0x0000000000000000, R15=0x0000002d06cfe800
RIP=0x00007ff8f6ede0a9, EFLAGS=0x0000000000010202

Top of Stack: (sp=0x0000002d06cfb5e0)
0x0000002d06cfb5e0:   000000000000119d 0000000000000000
0x0000002d06cfb5f0:   0000002d06cfe800 00007ff8f6e438d1
0x0000002d06cfb600:   00000209f4d821f0 00007ff800002000
0x0000002d06cfb610:   00000209fde7f080 0000000000000000
0x0000002d06cfb620:   0000000000000002 00000209f1aea000
0x0000002d06cfb630:   0000000000000002 00000209f4d821f0
0x0000002d06cfb640:   0000000000000000 0000000000000000
0x0000002d06cfb650:   00000209f24abf70 00000209cad7a280
0x0000002d06cfb660:   000000000000003a 00007ff8f7564c08
0x0000002d06cfb670:   0000002d06cfb780 00007ff8f6e3ba8b
0x0000002d06cfb680:   0000002d06cfe800 00007ff8f7564c08
0x0000002d06cfb690:   0000002d06cfe800 0000002d06cfb780
0x0000002d06cfb6a0:   0000020900000000 00007ff8f741c93f
0x0000002d06cfb6b0:   0000002d0000000f 0000002d06cfe800
0x0000002d06cfb6c0:   0000002d06cfb830 00007ff800000000
0x0000002d06cfb6d0:   0000020900000100 00007ff8f7564c08 

Instructions: (pc=0x00007ff8f6ede0a9)
0x00007ff8f6eddfa9:   3b d0 75 0b ff c1 41 3b c9 7c dc 48 8b c2 c3 33
0x00007ff8f6eddfb9:   c0 c3 cc cc cc cc cc 48 89 5c 24 18 55 56 57 41
0x00007ff8f6eddfc9:   55 41 57 48 8b ec 48 83 ec 70 65 48 8b 04 25 58
0x00007ff8f6eddfd9:   00 00 00 48 8b f2 44 8b 05 d2 8b 90 00 4c 8b f9
0x00007ff8f6eddfe9:   4a 8b 1c c0 b8 50 00 00 00 80 3c 18 00 75 05 e8
0x00007ff8f6eddff9:   8b 6f 5d 00 b8 20 00 00 00 48 8b 04 18 48 8b 98
0x00007ff8f6ede009:   38 02 00 00 48 89 5d b0 c7 45 b8 04 00 00 00 48
0x00007ff8f6ede019:   8b 43 18 48 83 f8 df 76 18 4c 8d 05 37 a9 65 00
0x00007ff8f6ede029:   ba 20 00 00 00 48 8b cb e8 5a eb de ff 48 8b 43
0x00007ff8f6ede039:   18 48 8d 48 20 48 3b 4b 20 76 11 45 33 c0 48 8b
0x00007ff8f6ede049:   cb 41 8d 50 20 e8 fd e8 de ff eb 04 48 89 4b 18
0x00007ff8f6ede059:   44 8b 45 b8 33 d2 49 c1 e0 03 48 8b c8 48 89 45
0x00007ff8f6ede069:   c0 e8 e3 80 5d 00 45 33 ed 48 8d 4d d0 44 89 6d
0x00007ff8f6ede079:   c8 e8 01 59 56 00 41 8b 9f 40 02 00 00 41 2b 9f
0x00007ff8f6ede089:   68 02 00 00 44 89 6d f0 3b 5d b8 72 0b 8b d3 48
0x00007ff8f6ede099:   8d 4d b0 e8 6f b3 39 00 48 8b 45 c0 4c 89 2c d8
0x00007ff8f6ede0a9:   8b 7e 28 8b df c1 eb 05 3b 5d d0 72 0b 8b d3 48
0x00007ff8f6ede0b9:   8d 4d d0 e8 1f 59 56 00 48 8b 45 d8 83 e7 1f 48
0x00007ff8f6ede0c9:   8d 14 98 40 0f b6 cf 41 b8 01 00 00 00 41 d3 e0
0x00007ff8f6ede0d9:   8b 0a 8b c1 41 0b c0 89 02 41 85 c8 75 21 8b 5d
0x00007ff8f6ede0e9:   c8 8d 43 01 89 45 c8 3b 5d b8 72 0b 8b d3 48 8d
0x00007ff8f6ede0f9:   4d b0 e8 10 b3 39 00 48 8b 45 c0 48 89 34 d8 44
0x00007ff8f6ede109:   39 6d c8 0f 86 77 01 00 00 4c 89 a4 24 a0 00 00
0x00007ff8f6ede119:   00 4c 89 b4 24 a8 00 00 00 48 8b 45 c0 41 8b cd
0x00007ff8f6ede129:   48 8b 34 c8 8b 46 2c 25 ff 1f 00 00 3d 04 10 00
0x00007ff8f6ede139:   00 0f 85 a7 00 00 00 bb 01 00 00 00 39 5e 18 76
0x00007ff8f6ede149:   39 66 0f 1f 44 00 00 48 8b 46 08 8b cb 48 8b 14
0x00007ff8f6ede159:   c8 48 85 d2 74 1d 48 83 7a 10 00 74 16 80 7a 2c
0x00007ff8f6ede169:   84 74 10 e8 7f 7e ee ff 48 8b d0 49 8b cf e8 a4
0x00007ff8f6ede179:   61 f6 ff ff c3 3b 5e 18 72 cd 48 8b 5e 10 8b 46
0x00007ff8f6ede189:   20 4c 8d 34 c3 49 3b de 73 54 48 8b 3b 8b 47 2c
0x00007ff8f6ede199:   83 e0 03 3c 03 75 2e 48 8b 07 48 8b cf ff 90 88 


Stack slot to memory mapping:
stack at sp + 0 slots: 0x000000000000119d is an unknown value
stack at sp + 1 slots: 0x0 is NULL
stack at sp + 2 slots: 0x0000002d06cfe800 is pointing into the stack for thread: 0x00000209fb324f10
stack at sp + 3 slots: 0x00007ff8f6e438d1 jvm.dll
stack at sp + 4 slots: 0x00000209f4d821f0 points into unknown readable memory: 0x0000000000000006 | 06 00 00 00 00 00 00 00
stack at sp + 5 slots: 0x00007ff800002000 is an unknown value
stack at sp + 6 slots: 0x00000209fde7f080 points into unknown readable memory: 0x0000000000000000 | 00 00 00 00 00 00 00 00
stack at sp + 7 slots: 0x0 is NULL


---------------  P R O C E S S  ---------------

Threads class SMR info:
_java_thread_list=0x00000209f507a1d0, length=146, elements={
0x00000209cad60f60, 0x00000209eb1373c0, 0x00000209eb138150, 0x00000209eb150840,
0x00000209eb1514d0, 0x00000209eb154f20, 0x00000209eb1557f0, 0x00000209eb156c40,
0x00000209eb1581b0, 0x00000209eb15aad0, 0x00000209eb37cf10, 0x00000209eb42e130,
0x00000209f272a010, 0x00000209f1b23040, 0x00000209f1471020, 0x00000209f0f71090,
0x00000209f1033e30, 0x00000209f192b4a0, 0x00000209f1929640, 0x00000209f1929b50,
0x00000209f192c3d0, 0x00000209f192bec0, 0x00000209f1929130, 0x00000209f192af90,
0x00000209f192a060, 0x00000209f192b9b0, 0x00000209f192a570, 0x00000209f192aa80,
0x00000209f13c5fc0, 0x00000209f13bf570, 0x00000209f13c13d0, 0x00000209f13c64d0,
0x00000209f13bf060, 0x00000209f13c2810, 0x00000209f13c4b80, 0x00000209f13c69e0,
0x00000209f13c09b0, 0x00000209f13c04a0, 0x00000209f13bfa80, 0x00000209f13c55a0,
0x00000209f13bff90, 0x00000209f13c18e0, 0x00000209f13c4670, 0x00000209f13c2d20,
0x00000209f13c3740, 0x00000209f13c1df0, 0x00000209f13c3c50, 0x00000209f13c2300,
0x00000209f13c4160, 0x00000209f1df3420, 0x00000209f1df5280, 0x00000209f1df61b0,
0x00000209f1df75f0, 0x00000209f1df5ca0, 0x00000209f1df5790, 0x00000209f1df70e0,
0x00000209f1df4350, 0x00000209f1df6bd0, 0x00000209f1df3e40, 0x00000209f1df8520,
0x00000209f1df7b00, 0x00000209f1df8010, 0x00000209f1df4860, 0x00000209f1df2a00,
0x00000209f1df4d70, 0x00000209f1df8a30, 0x00000209f1df2f10, 0x00000209f1df8f40,
0x00000209f1df9450, 0x00000209f1df1fe0, 0x00000209f1df3930, 0x00000209f1df9960,
0x00000209f1df24f0, 0x00000209f45fca50, 0x00000209f45fd980, 0x00000209f4600710,
0x00000209f45fe8b0, 0x00000209f45ff2d0, 0x00000209f4600c20, 0x00000209f45fcf60,
0x00000209f45fb100, 0x00000209f4601130, 0x00000209f45f9cc0, 0x00000209f45fb610,
0x00000209f45fbb20, 0x00000209f4601640, 0x00000209f45fc030, 0x00000209f45fde90,
0x00000209f45fe3a0, 0x00000209f45fd470, 0x00000209f45fa6e0, 0x00000209f45fedc0,
0x00000209f45ffcf0, 0x00000209f45fabf0, 0x00000209f45fc540, 0x00000209f45ff7e0,
0x00000209f0a249b0, 0x00000209f0a26300, 0x00000209f0a253d0, 0x00000209f0a258e0,
0x00000209f0a25df0, 0x00000209f0a295a0, 0x00000209f0a27740, 0x00000209f0a27c50,
0x00000209f0a28670, 0x00000209f5839f60, 0x00000209f583ccf0, 0x00000209f583f570,
0x00000209f583a470, 0x00000209f583d710, 0x00000209f583bdc0, 0x00000209f583dc20,
0x00000209fb324f10, 0x00000209f583e130, 0x00000209f583c7e0, 0x00000209f583eb50,
0x00000209f583a980, 0x00000209f583f060, 0x00000209f5838100, 0x00000209f583d200,
0x00000209f583e640, 0x00000209f583fa80, 0x00000209f5838b20, 0x00000209f583b3a0,
0x00000209f5839030, 0x00000209f583c2d0, 0x00000209f5839540, 0x00000209f6027d20,
0x00000209f6029b80, 0x00000209f6026df0, 0x00000209f6027300, 0x00000209f6028c50,
0x00000209f6029160, 0x00000209f602a090, 0x00000209f6027810, 0x00000209f6028740,
0x00000209f6029670, 0x00000209f6028230, 0x00000209fbc16330, 0x00000209fbc15e20,
0x00000209fbc144d0, 0x00000209fbc19ae0, 0x00000209fbc13fc0, 0x00000209fbc19ff0,
0x00000209fbc18190, 0x00000209fbc1a500
}

Java Threads: ( => current thread )
  0x00000209cad60f60 JavaThread "main" [_thread_blocked, id=17220, stack(0x0000002d7f100000,0x0000002d7f200000)]
  0x00000209eb1373c0 JavaThread "Reference Handler" daemon [_thread_blocked, id=15308, stack(0x0000002d7f800000,0x0000002d7f900000)]
  0x00000209eb138150 JavaThread "Finalizer" daemon [_thread_blocked, id=9172, stack(0x0000002d7f900000,0x0000002d7fa00000)]
  0x00000209eb150840 JavaThread "Signal Dispatcher" daemon [_thread_blocked, id=18188, stack(0x0000002d7fa00000,0x0000002d7fb00000)]
  0x00000209eb1514d0 JavaThread "Attach Listener" daemon [_thread_blocked, id=3432, stack(0x0000002d7fb00000,0x0000002d7fc00000)]
  0x00000209eb154f20 JavaThread "Service Thread" daemon [_thread_blocked, id=14008, stack(0x0000002d7fc00000,0x0000002d7fd00000)]
  0x00000209eb1557f0 JavaThread "Monitor Deflation Thread" daemon [_thread_blocked, id=12716, stack(0x0000002d7fd00000,0x0000002d7fe00000)]
  0x00000209eb156c40 JavaThread "C2 CompilerThread0" daemon [_thread_in_native, id=10596, stack(0x0000002d7fe00000,0x0000002d7ff00000)]
  0x00000209eb1581b0 JavaThread "C1 CompilerThread0" daemon [_thread_blocked, id=13028, stack(0x0000002d7ff00000,0x0000002d80000000)]
  0x00000209eb15aad0 JavaThread "Sweeper thread" daemon [_thread_blocked, id=2712, stack(0x0000002d00000000,0x0000002d00100000)]
  0x00000209eb37cf10 JavaThread "Common-Cleaner" daemon [_thread_blocked, id=18016, stack(0x0000002d00100000,0x0000002d00200000)]
  0x00000209eb42e130 JavaThread "Notification Thread" daemon [_thread_blocked, id=4832, stack(0x0000002d00200000,0x0000002d00300000)]
  0x00000209f272a010 JavaThread "Daemon health stats" [_thread_blocked, id=13180, stack(0x0000002d00a00000,0x0000002d00b00000)]
  0x00000209f1b23040 JavaThread "Incoming local TCP Connector on port 58303" [_thread_in_native, id=19900, stack(0x0000002d00b00000,0x0000002d00c00000)]
  0x00000209f1471020 JavaThread "Daemon periodic checks" [_thread_blocked, id=16128, stack(0x0000002d00c00000,0x0000002d00d00000)]
  0x00000209f0f71090 JavaThread "Daemon" [_thread_blocked, id=21160, stack(0x0000002d00d00000,0x0000002d00e00000)]
  0x00000209f1033e30 JavaThread "Handler for socket connection from /127.0.0.1:58303 to /127.0.0.1:58304" [_thread_in_native, id=10648, stack(0x0000002d00e00000,0x0000002d00f00000)]
  0x00000209f192b4a0 JavaThread "Cancel handler" [_thread_blocked, id=3256, stack(0x0000002d00900000,0x0000002d00a00000)]
  0x00000209f1929640 JavaThread "Daemon worker" [_thread_in_Java, id=7680, stack(0x0000002d00f00000,0x0000002d01000000)]
  0x00000209f1929b50 JavaThread "Asynchronous log dispatcher for DefaultDaemonConnection: socket connection from /127.0.0.1:58303 to /127.0.0.1:58304" [_thread_blocked, id=1356, stack(0x0000002d01000000,0x0000002d01100000)]
  0x00000209f192c3d0 JavaThread "Stdin handler" [_thread_blocked, id=5104, stack(0x0000002d01100000,0x0000002d01200000)]
  0x00000209f192bec0 JavaThread "Daemon client event forwarder" [_thread_blocked, id=7524, stack(0x0000002d01200000,0x0000002d01300000)]
  0x00000209f1929130 JavaThread "Cache worker for journal cache (C:\Users\Franc\.gradle\caches\journal-1)" [_thread_blocked, id=4656, stack(0x0000002d01300000,0x0000002d01400000)]
  0x00000209f192af90 JavaThread "File lock request listener" [_thread_in_native, id=15204, stack(0x0000002d01400000,0x0000002d01500000)]
  0x00000209f192a060 JavaThread "Cache worker for file hash cache (C:\Users\Franc\.gradle\caches\8.6\fileHashes)" [_thread_blocked, id=19124, stack(0x0000002d01500000,0x0000002d01600000)]
  0x00000209f192b9b0 JavaThread "File watcher server" daemon [_thread_in_native, id=492, stack(0x0000002d01a00000,0x0000002d01b00000)]
  0x00000209f192a570 JavaThread "File watcher consumer" daemon [_thread_blocked, id=5988, stack(0x0000002d01b00000,0x0000002d01c00000)]
  0x00000209f192aa80 JavaThread "Cache worker for checksums cache (C:\Users\Franc\Desktop\Focusthink-sidrim\android\.gradle\8.6\checksums)" [_thread_blocked, id=4080, stack(0x0000002d01c00000,0x0000002d01d00000)]
  0x00000209f13c5fc0 JavaThread "Cache worker for file hash cache (C:\Users\Franc\Desktop\Focusthink-sidrim\android\.gradle\8.6\fileHashes)" [_thread_blocked, id=1496, stack(0x0000002d01e00000,0x0000002d01f00000)]
  0x00000209f13bf570 JavaThread "Cache worker for cache directory md-supplier (C:\Users\Franc\.gradle\caches\8.6\md-supplier)" [_thread_blocked, id=2584, stack(0x0000002d01f00000,0x0000002d02000000)]
  0x00000209f13c13d0 JavaThread "Cache worker for cache directory md-rule (C:\Users\Franc\.gradle\caches\8.6\md-rule)" [_thread_blocked, id=20220, stack(0x0000002d02000000,0x0000002d02100000)]
  0x00000209f13c64d0 JavaThread "Cache worker for file content cache (C:\Users\Franc\.gradle\caches\8.6\fileContent)" [_thread_blocked, id=10504, stack(0x0000002d02100000,0x0000002d02200000)]
  0x00000209f13bf060 JavaThread "jar transforms" [_thread_blocked, id=10652, stack(0x0000002d02200000,0x0000002d02300000)]
  0x00000209f13c2810 JavaThread "jar transforms Thread 2" [_thread_blocked, id=18884, stack(0x0000002d02300000,0x0000002d02400000)]
  0x00000209f13c4b80 JavaThread "jar transforms Thread 3" [_thread_blocked, id=18268, stack(0x0000002d02400000,0x0000002d02500000)]
  0x00000209f13c69e0 JavaThread "jar transforms Thread 4" [_thread_blocked, id=15412, stack(0x0000002d02500000,0x0000002d02600000)]
  0x00000209f13c09b0 JavaThread "Exec process" [_thread_blocked, id=5464, stack(0x0000002d02600000,0x0000002d02700000)]
  0x00000209f13c04a0 JavaThread "Exec process Thread 2" [_thread_blocked, id=16784, stack(0x0000002d02700000,0x0000002d02800000)]
  0x00000209f13bfa80 JavaThread "Exec process Thread 3" [_thread_blocked, id=19580, stack(0x0000002d02800000,0x0000002d02900000)]
  0x00000209f13c55a0 JavaThread "jar transforms Thread 5" [_thread_blocked, id=9988, stack(0x0000002d02900000,0x0000002d02a00000)]
  0x00000209f13bff90 JavaThread "jar transforms Thread 6" [_thread_blocked, id=19360, stack(0x0000002d02a00000,0x0000002d02b00000)]
  0x00000209f13c18e0 JavaThread "jar transforms Thread 7" [_thread_blocked, id=17440, stack(0x0000002d00500000,0x0000002d00600000)]
  0x00000209f13c4670 JavaThread "jar transforms Thread 8" [_thread_blocked, id=20184, stack(0x0000002d01900000,0x0000002d01a00000)]
  0x00000209f13c2d20 JavaThread "Unconstrained build operations" [_thread_blocked, id=5168, stack(0x0000002d02b00000,0x0000002d02c00000)]
  0x00000209f13c3740 JavaThread "Unconstrained build operations Thread 2" [_thread_blocked, id=13256, stack(0x0000002d02c00000,0x0000002d02d00000)]
  0x00000209f13c1df0 JavaThread "Cache worker for Build Output Cleanup Cache (C:\Users\Franc\Desktop\Focusthink-sidrim\node_modules\@react-native\gradle-plugin\.gradle\buildOutputCleanup)" [_thread_blocked, id=1208, stack(0x0000002d03000000,0x0000002d03100000)]
  0x00000209f13c3c50 JavaThread "Unconstrained build operations Thread 3" [_thread_blocked, id=15164, stack(0x0000002d02f00000,0x0000002d03000000)]
  0x00000209f13c2300 JavaThread "Unconstrained build operations Thread 4" [_thread_blocked, id=20056, stack(0x0000002d03100000,0x0000002d03200000)]
  0x00000209f13c4160 JavaThread "Unconstrained build operations Thread 5" [_thread_blocked, id=20304, stack(0x0000002d03200000,0x0000002d03300000)]
  0x00000209f1df3420 JavaThread "Unconstrained build operations Thread 6" [_thread_blocked, id=12944, stack(0x0000002d03300000,0x0000002d03400000)]
  0x00000209f1df5280 JavaThread "Unconstrained build operations Thread 7" [_thread_blocked, id=3916, stack(0x0000002d03400000,0x0000002d03500000)]
  0x00000209f1df61b0 JavaThread "Unconstrained build operations Thread 8" [_thread_blocked, id=21280, stack(0x0000002d03500000,0x0000002d03600000)]
  0x00000209f1df75f0 JavaThread "Unconstrained build operations Thread 9" [_thread_blocked, id=17124, stack(0x0000002d03600000,0x0000002d03700000)]
  0x00000209f1df5ca0 JavaThread "build event listener" [_thread_blocked, id=5220, stack(0x0000002d02e00000,0x0000002d02f00000)]
  0x00000209f1df5790 JavaThread "Memory manager" [_thread_blocked, id=10864, stack(0x0000002d03800000,0x0000002d03900000)]
  0x00000209f1df70e0 JavaThread "Cache worker for Build Output Cleanup Cache (C:\Users\Franc\Desktop\Focusthink-sidrim\android\.gradle\buildOutputCleanup)" [_thread_blocked, id=15516, stack(0x0000002d03900000,0x0000002d03a00000)]
  0x00000209f1df4350 JavaThread "ForkJoinPool.commonPool-worker-1" daemon [_thread_blocked, id=20708, stack(0x0000002d03a00000,0x0000002d03b00000)]
  0x00000209f1df6bd0 JavaThread "ForkJoinPool.commonPool-worker-2" daemon [_thread_blocked, id=20960, stack(0x0000002d03b00000,0x0000002d03c00000)]
  0x00000209f1df3e40 JavaThread "ForkJoinPool.commonPool-worker-3" daemon [_thread_blocked, id=5132, stack(0x0000002d03c00000,0x0000002d03d00000)]
  0x00000209f1df8520 JavaThread "ForkJoinPool.commonPool-worker-4" daemon [_thread_blocked, id=3252, stack(0x0000002d03d00000,0x0000002d03e00000)]
  0x00000209f1df7b00 JavaThread "ForkJoinPool.commonPool-worker-5" daemon [_thread_blocked, id=17312, stack(0x0000002d03e00000,0x0000002d03f00000)]
  0x00000209f1df8010 JavaThread "ForkJoinPool.commonPool-worker-6" daemon [_thread_blocked, id=17480, stack(0x0000002d03f00000,0x0000002d04000000)]
  0x00000209f1df4860 JavaThread "ForkJoinPool.commonPool-worker-7" daemon [_thread_blocked, id=15292, stack(0x0000002d04000000,0x0000002d04100000)]
  0x00000209f1df2a00 JavaThread "included builds" [_thread_blocked, id=16368, stack(0x0000002d03700000,0x0000002d03800000)]
  0x00000209f1df4d70 JavaThread "included builds Thread 2" [_thread_blocked, id=12776, stack(0x0000002d04100000,0x0000002d04200000)]
  0x00000209f1df8a30 JavaThread "Execution worker" [_thread_blocked, id=16040, stack(0x0000002d04200000,0x0000002d04300000)]
  0x00000209f1df2f10 JavaThread "Execution worker Thread 2" [_thread_blocked, id=14096, stack(0x0000002d04300000,0x0000002d04400000)]
  0x00000209f1df8f40 JavaThread "Execution worker Thread 3" [_thread_blocked, id=9912, stack(0x0000002d04400000,0x0000002d04500000)]
  0x00000209f1df9450 JavaThread "Execution worker Thread 4" [_thread_blocked, id=6408, stack(0x0000002d04500000,0x0000002d04600000)]
  0x00000209f1df1fe0 JavaThread "Execution worker Thread 5" [_thread_blocked, id=13476, stack(0x0000002d04600000,0x0000002d04700000)]
  0x00000209f1df3930 JavaThread "Execution worker Thread 6" [_thread_blocked, id=1908, stack(0x0000002d04700000,0x0000002d04800000)]
  0x00000209f1df9960 JavaThread "Execution worker Thread 7" [_thread_blocked, id=13632, stack(0x0000002d04800000,0x0000002d04900000)]
  0x00000209f1df24f0 JavaThread "Cache worker for execution history cache (C:\Users\Franc\Desktop\Focusthink-sidrim\node_modules\@react-native\gradle-plugin\.gradle\8.6\executionHistory)" [_thread_blocked, id=2436, stack(0x0000002d04900000,0x0000002d04a00000)]
  0x00000209f45fca50 JavaThread "Unconstrained build operations Thread 10" [_thread_blocked, id=7476, stack(0x0000002d04a00000,0x0000002d04b00000)]
  0x00000209f45fd980 JavaThread "Unconstrained build operations Thread 11" [_thread_blocked, id=17144, stack(0x0000002d04b00000,0x0000002d04c00000)]
  0x00000209f4600710 JavaThread "Unconstrained build operations Thread 12" [_thread_blocked, id=18176, stack(0x0000002d04c00000,0x0000002d04d00000)]
  0x00000209f45fe8b0 JavaThread "Unconstrained build operations Thread 13" [_thread_blocked, id=15116, stack(0x0000002d04d00000,0x0000002d04e00000)]
  0x00000209f45ff2d0 JavaThread "Unconstrained build operations Thread 14" [_thread_blocked, id=12984, stack(0x0000002d04e00000,0x0000002d04f00000)]
  0x00000209f4600c20 JavaThread "Unconstrained build operations Thread 15" [_thread_blocked, id=12996, stack(0x0000002d04f00000,0x0000002d05000000)]
  0x00000209f45fcf60 JavaThread "Unconstrained build operations Thread 16" [_thread_blocked, id=13600, stack(0x0000002d05000000,0x0000002d05100000)]
  0x00000209f45fb100 JavaThread "Unconstrained build operations Thread 17" [_thread_blocked, id=7384, stack(0x0000002d05100000,0x0000002d05200000)]
  0x00000209f4601130 JavaThread "Unconstrained build operations Thread 18" [_thread_blocked, id=2880, stack(0x0000002d05200000,0x0000002d05300000)]
  0x00000209f45f9cc0 JavaThread "Unconstrained build operations Thread 19" [_thread_blocked, id=8992, stack(0x0000002d05300000,0x0000002d05400000)]
  0x00000209f45fb610 JavaThread "Unconstrained build operations Thread 20" [_thread_blocked, id=13304, stack(0x0000002d05400000,0x0000002d05500000)]
  0x00000209f45fbb20 JavaThread "Unconstrained build operations Thread 21" [_thread_blocked, id=4636, stack(0x0000002d05500000,0x0000002d05600000)]
  0x00000209f4601640 JavaThread "Unconstrained build operations Thread 22" [_thread_blocked, id=2188, stack(0x0000002d05600000,0x0000002d05700000)]
  0x00000209f45fc030 JavaThread "Unconstrained build operations Thread 23" [_thread_blocked, id=6340, stack(0x0000002d05700000,0x0000002d05800000)]
  0x00000209f45fde90 JavaThread "Unconstrained build operations Thread 24" [_thread_blocked, id=1404, stack(0x0000002d05800000,0x0000002d05900000)]
  0x00000209f45fe3a0 JavaThread "Unconstrained build operations Thread 25" [_thread_blocked, id=2120, stack(0x0000002d05900000,0x0000002d05a00000)]
  0x00000209f45fd470 JavaThread "Unconstrained build operations Thread 26" [_thread_blocked, id=14652, stack(0x0000002d05a00000,0x0000002d05b00000)]
  0x00000209f45fa6e0 JavaThread "Unconstrained build operations Thread 27" [_thread_blocked, id=19516, stack(0x0000002d05b00000,0x0000002d05c00000)]
  0x00000209f45fedc0 JavaThread "Unconstrained build operations Thread 28" [_thread_blocked, id=6132, stack(0x0000002d05c00000,0x0000002d05d00000)]
  0x00000209f45ffcf0 JavaThread "Unconstrained build operations Thread 29" [_thread_blocked, id=13240, stack(0x0000002d05d00000,0x0000002d05e00000)]
  0x00000209f45fabf0 JavaThread "Unconstrained build operations Thread 30" [_thread_blocked, id=13672, stack(0x0000002d05e00000,0x0000002d05f00000)]
  0x00000209f45fc540 JavaThread "Unconstrained build operations Thread 31" [_thread_blocked, id=17720, stack(0x0000002d05f00000,0x0000002d06000000)]
  0x00000209f45ff7e0 JavaThread "Unconstrained build operations Thread 32" [_thread_blocked, id=16680, stack(0x0000002d06000000,0x0000002d06100000)]
  0x00000209f0a249b0 JavaThread "build event listener" [_thread_blocked, id=21356, stack(0x0000002d06100000,0x0000002d06200000)]
  0x00000209f0a26300 JavaThread "Unconstrained build operations Thread 33" [_thread_blocked, id=10288, stack(0x0000002d06500000,0x0000002d06600000)]
  0x00000209f0a253d0 JavaThread "Unconstrained build operations Thread 34" [_thread_blocked, id=7148, stack(0x0000002d06600000,0x0000002d06700000)]
  0x00000209f0a258e0 JavaThread "Unconstrained build operations Thread 35" [_thread_blocked, id=13568, stack(0x0000002d06700000,0x0000002d06800000)]
  0x00000209f0a25df0 JavaThread "Unconstrained build operations Thread 36" [_thread_blocked, id=9972, stack(0x0000002d06800000,0x0000002d06900000)]
  0x00000209f0a295a0 JavaThread "Unconstrained build operations Thread 37" [_thread_blocked, id=13920, stack(0x0000002d06900000,0x0000002d06a00000)]
  0x00000209f0a27740 JavaThread "Unconstrained build operations Thread 38" [_thread_blocked, id=18552, stack(0x0000002d06a00000,0x0000002d06b00000)]
  0x00000209f0a27c50 JavaThread "Unconstrained build operations Thread 39" [_thread_blocked, id=8476, stack(0x0000002d06b00000,0x0000002d06c00000)]
  0x00000209f0a28670 JavaThread "Unconstrained build operations Thread 40" [_thread_blocked, id=14704, stack(0x0000002d06400000,0x0000002d06500000)]
  0x00000209f5839f60 JavaThread "Unconstrained build operations Thread 41" [_thread_blocked, id=19308, stack(0x0000002d07000000,0x0000002d07100000)]
  0x00000209f583ccf0 JavaThread "Unconstrained build operations Thread 42" [_thread_blocked, id=19536, stack(0x0000002d07100000,0x0000002d07200000)]
  0x00000209f583f570 JavaThread "Unconstrained build operations Thread 43" [_thread_blocked, id=7472, stack(0x0000002d07200000,0x0000002d07300000)]
  0x00000209f583a470 JavaThread "Unconstrained build operations Thread 44" [_thread_blocked, id=11852, stack(0x0000002d07300000,0x0000002d07400000)]
  0x00000209f583d710 JavaThread "Unconstrained build operations Thread 45" [_thread_blocked, id=17232, stack(0x0000002d07400000,0x0000002d07500000)]
  0x00000209f583bdc0 JavaThread "Unconstrained build operations Thread 46" [_thread_blocked, id=15548, stack(0x0000002d07500000,0x0000002d07600000)]
  0x00000209f583dc20 JavaThread "Unconstrained build operations Thread 47" [_thread_blocked, id=17160, stack(0x0000002d07600000,0x0000002d07700000)]
=>0x00000209fb324f10 JavaThread "C2 CompilerThread1" daemon [_thread_in_native, id=16608, stack(0x0000002d06c00000,0x0000002d06d00000)]
  0x00000209f583e130 JavaThread "Unconstrained build operations Thread 48" [_thread_blocked, id=14272, stack(0x0000002d07700000,0x0000002d07800000)]
  0x00000209f583c7e0 JavaThread "Unconstrained build operations Thread 49" [_thread_blocked, id=13412, stack(0x0000002d07800000,0x0000002d07900000)]
  0x00000209f583eb50 JavaThread "Unconstrained build operations Thread 50" [_thread_blocked, id=18940, stack(0x0000002d07900000,0x0000002d07a00000)]
  0x00000209f583a980 JavaThread "Unconstrained build operations Thread 51" [_thread_blocked, id=11280, stack(0x0000002d07a00000,0x0000002d07b00000)]
  0x00000209f583f060 JavaThread "Unconstrained build operations Thread 52" [_thread_blocked, id=10404, stack(0x0000002d07b00000,0x0000002d07c00000)]
  0x00000209f5838100 JavaThread "Unconstrained build operations Thread 53" [_thread_blocked, id=9008, stack(0x0000002d07c00000,0x0000002d07d00000)]
  0x00000209f583d200 JavaThread "Unconstrained build operations Thread 54" [_thread_blocked, id=19424, stack(0x0000002d07d00000,0x0000002d07e00000)]
  0x00000209f583e640 JavaThread "Unconstrained build operations Thread 55" [_thread_blocked, id=14732, stack(0x0000002d07e00000,0x0000002d07f00000)]
  0x00000209f583fa80 JavaThread "Unconstrained build operations Thread 56" [_thread_blocked, id=19576, stack(0x0000002d07f00000,0x0000002d08000000)]
  0x00000209f5838b20 JavaThread "Unconstrained build operations Thread 57" [_thread_blocked, id=13916, stack(0x0000002d08000000,0x0000002d08100000)]
  0x00000209f583b3a0 JavaThread "Unconstrained build operations Thread 58" [_thread_blocked, id=1536, stack(0x0000002d08100000,0x0000002d08200000)]
  0x00000209f5839030 JavaThread "Unconstrained build operations Thread 59" [_thread_blocked, id=20016, stack(0x0000002d08200000,0x0000002d08300000)]
  0x00000209f583c2d0 JavaThread "Unconstrained build operations Thread 60" [_thread_blocked, id=15488, stack(0x0000002d08300000,0x0000002d08400000)]
  0x00000209f5839540 JavaThread "Unconstrained build operations Thread 61" [_thread_blocked, id=1672, stack(0x0000002d08400000,0x0000002d08500000)]
  0x00000209f6027d20 JavaThread "Unconstrained build operations Thread 62" [_thread_blocked, id=18340, stack(0x0000002d08500000,0x0000002d08600000)]
  0x00000209f6029b80 JavaThread "Unconstrained build operations Thread 63" [_thread_blocked, id=1452, stack(0x0000002d08600000,0x0000002d08700000)]
  0x00000209f6026df0 JavaThread "Unconstrained build operations Thread 64" [_thread_blocked, id=2152, stack(0x0000002d08700000,0x0000002d08800000)]
  0x00000209f6027300 JavaThread "Unconstrained build operations Thread 65" [_thread_blocked, id=12356, stack(0x0000002d08800000,0x0000002d08900000)]
  0x00000209f6028c50 JavaThread "Unconstrained build operations Thread 66" [_thread_blocked, id=7228, stack(0x0000002d08900000,0x0000002d08a00000)]
  0x00000209f6029160 JavaThread "Unconstrained build operations Thread 67" [_thread_blocked, id=19252, stack(0x0000002d08a00000,0x0000002d08b00000)]
  0x00000209f602a090 JavaThread "Unconstrained build operations Thread 68" [_thread_blocked, id=5012, stack(0x0000002d08b00000,0x0000002d08c00000)]
  0x00000209f6027810 JavaThread "Unconstrained build operations Thread 69" [_thread_blocked, id=6612, stack(0x0000002d08c00000,0x0000002d08d00000)]
  0x00000209f6028740 JavaThread "Unconstrained build operations Thread 70" [_thread_blocked, id=15716, stack(0x0000002d08d00000,0x0000002d08e00000)]
  0x00000209f6029670 JavaThread "Unconstrained build operations Thread 71" [_thread_blocked, id=4664, stack(0x0000002d08e00000,0x0000002d08f00000)]
  0x00000209f6028230 JavaThread "Unconstrained build operations Thread 72" [_thread_blocked, id=5160, stack(0x0000002d08f00000,0x0000002d09000000)]
  0x00000209fbc16330 JavaThread "Unconstrained build operations Thread 73" [_thread_blocked, id=8836, stack(0x0000002d09000000,0x0000002d09100000)]
  0x00000209fbc15e20 JavaThread "Unconstrained build operations Thread 74" [_thread_blocked, id=13888, stack(0x0000002d09100000,0x0000002d09200000)]
  0x00000209fbc144d0 JavaThread "Unconstrained build operations Thread 75" [_thread_blocked, id=16972, stack(0x0000002d09200000,0x0000002d09300000)]
  0x00000209fbc19ae0 JavaThread "Unconstrained build operations Thread 76" [_thread_blocked, id=18828, stack(0x0000002d09300000,0x0000002d09400000)]
  0x00000209fbc13fc0 JavaThread "Unconstrained build operations Thread 77" [_thread_blocked, id=14308, stack(0x0000002d09400000,0x0000002d09500000)]
  0x00000209fbc19ff0 JavaThread "Unconstrained build operations Thread 78" [_thread_blocked, id=18704, stack(0x0000002d09500000,0x0000002d09600000)]
  0x00000209fbc18190 JavaThread "Unconstrained build operations Thread 79" [_thread_blocked, id=3724, stack(0x0000002d09600000,0x0000002d09700000)]
  0x00000209fbc1a500 JavaThread "Unconstrained build operations Thread 80" [_thread_blocked, id=5880, stack(0x0000002d09700000,0x0000002d09800000)]

Other Threads:
  0x00000209eb131830 VMThread "VM Thread" [stack: 0x0000002d7f700000,0x0000002d7f800000] [id=12332]
  0x00000209cad61d30 WatcherThread [stack: 0x0000002d00300000,0x0000002d00400000] [id=1360]
  0x00000209cadc1070 GCTaskThread "GC Thread#0" [stack: 0x0000002d7f200000,0x0000002d7f300000] [id=14220]
  0x00000209f06d9370 GCTaskThread "GC Thread#1" [stack: 0x0000002d00600000,0x0000002d00700000] [id=11116]
  0x00000209f02e3740 GCTaskThread "GC Thread#2" [stack: 0x0000002d00700000,0x0000002d00800000] [id=18204]
  0x00000209f07811d0 GCTaskThread "GC Thread#3" [stack: 0x0000002d00800000,0x0000002d00900000] [id=3216]
  0x00000209f01e0560 GCTaskThread "GC Thread#4" [stack: 0x0000002d00400000,0x0000002d00500000] [id=7300]
  0x00000209f09553e0 GCTaskThread "GC Thread#5" [stack: 0x0000002d01600000,0x0000002d01700000] [id=21428]
  0x00000209f0954ba0 GCTaskThread "GC Thread#6" [stack: 0x0000002d01700000,0x0000002d01800000] [id=9132]
  0x00000209f09548e0 GCTaskThread "GC Thread#7" [stack: 0x0000002d01800000,0x0000002d01900000] [id=9896]
  0x00000209cadd1ed0 ConcurrentGCThread "G1 Main Marker" [stack: 0x0000002d7f300000,0x0000002d7f400000] [id=15172]
  0x00000209cadd27f0 ConcurrentGCThread "G1 Conc#0" [stack: 0x0000002d7f400000,0x0000002d7f500000] [id=1752]
  0x00000209f0954e60 ConcurrentGCThread "G1 Conc#1" [stack: 0x0000002d01d00000,0x0000002d01e00000] [id=20856]
  0x00000209eaff24d0 ConcurrentGCThread "G1 Refine#0" [stack: 0x0000002d7f500000,0x0000002d7f600000] [id=6672]
  0x00000209f2c4fbf0 ConcurrentGCThread "G1 Refine#1" [stack: 0x0000002d06d00000,0x0000002d06e00000] [id=10944]
  0x00000209f2c51660 ConcurrentGCThread "G1 Refine#2" [stack: 0x0000002d06e00000,0x0000002d06f00000] [id=11208]
  0x00000209fb6f2b40 ConcurrentGCThread "G1 Refine#3" [stack: 0x0000002d06f00000,0x0000002d07000000] [id=1916]
  0x00000209eaff2d10 ConcurrentGCThread "G1 Service" [stack: 0x0000002d7f600000,0x0000002d7f700000] [id=3060]

Threads with active compile tasks:
C2 CompilerThread0    62855 17743       4       groovy.lang.MetaClassImpl::populateMethods (401 bytes)
C2 CompilerThread1    62855 17856   !   4       org.gradle.cache.internal.DefaultMultiProcessSafeIndexedCache::getIfPresent (25 bytes)

VM state: not at safepoint (normal execution)

VM Mutex/Monitor currently owned by a thread: None

Heap address: 0x0000000080000000, size: 2048 MB, Compressed Oops mode: 32-bit

CDS archive(s) mapped at: [0x0000020980000000-0x0000020980bd0000-0x0000020980bd0000), size 12386304, SharedBaseAddress: 0x0000020980000000, ArchiveRelocationMode: 1.
Compressed class space mapped at: 0x0000020981000000-0x000002099b000000, reserved size: 436207616
Narrow klass base: 0x0000020980000000, Narrow klass shift: 0, Narrow klass range: 0x100000000

GC Precious Log:
 CPUs: 8 total, 8 available
 Memory: 8023M
 Large Page Support: Disabled
 NUMA Support: Disabled
 Compressed Oops: Enabled (32-bit)
 Heap Region Size: 1M
 Heap Min Capacity: 8M
 Heap Initial Capacity: 126M
 Heap Max Capacity: 2G
 Pre-touch: Disabled
 Parallel Workers: 8
 Concurrent Workers: 2
 Concurrent Refinement Workers: 8
 Periodic GC: Disabled

Heap:
 garbage-first heap   total 370688K, used 320767K [0x0000000080000000, 0x0000000100000000)
  region size 1024K, 15 young (15360K), 3 survivors (3072K)
 Metaspace       used 118346K, committed 120128K, reserved 557056K
  class space    used 16564K, committed 17344K, reserved 425984K

Heap Regions: E=young(eden), S=young(survivor), O=old, HS=humongous(starts), HC=humongous(continues), CS=collection set, F=free, OA=open archive, CA=closed archive, TAMS=top-at-mark-start (previous, next)
|   0|0x0000000080000000, 0x0000000080100000, 0x0000000080100000|100%|HS|  |TAMS 0x0000000080100000, 0x0000000080000000| Complete 
|   1|0x0000000080100000, 0x0000000080200000, 0x0000000080200000|100%|HC|  |TAMS 0x0000000080200000, 0x0000000080100000| Complete 
|   2|0x0000000080200000, 0x0000000080300000, 0x0000000080300000|100%|HC|  |TAMS 0x0000000080300000, 0x0000000080200000| Complete 
|   3|0x0000000080300000, 0x0000000080400000, 0x0000000080400000|100%|HC|  |TAMS 0x0000000080400000, 0x0000000080300000| Complete 
|   4|0x0000000080400000, 0x0000000080500000, 0x0000000080500000|100%| O|  |TAMS 0x0000000080500000, 0x0000000080400000| Untracked 
|   5|0x0000000080500000, 0x0000000080600000, 0x0000000080600000|100%| O|  |TAMS 0x0000000080600000, 0x0000000080500000| Untracked 
|   6|0x0000000080600000, 0x0000000080700000, 0x0000000080700000|100%| O|  |TAMS 0x0000000080700000, 0x0000000080600000| Untracked 
|   7|0x0000000080700000, 0x0000000080800000, 0x0000000080800000|100%| O|  |TAMS 0x0000000080800000, 0x0000000080700000| Untracked 
|   8|0x0000000080800000, 0x0000000080900000, 0x0000000080900000|100%| O|  |TAMS 0x0000000080900000, 0x0000000080800000| Untracked 
|   9|0x0000000080900000, 0x0000000080a00000, 0x0000000080a00000|100%| O|  |TAMS 0x0000000080a00000, 0x0000000080900000| Untracked 
|  10|0x0000000080a00000, 0x0000000080b00000, 0x0000000080b00000|100%| O|  |TAMS 0x0000000080b00000, 0x0000000080a00000| Untracked 
|  11|0x0000000080b00000, 0x0000000080c00000, 0x0000000080c00000|100%| O|  |TAMS 0x0000000080c00000, 0x0000000080b00000| Untracked 
|  12|0x0000000080c00000, 0x0000000080d00000, 0x0000000080d00000|100%| O|  |TAMS 0x0000000080d00000, 0x0000000080c00000| Untracked 
|  13|0x0000000080d00000, 0x0000000080e00000, 0x0000000080e00000|100%| O|  |TAMS 0x0000000080e00000, 0x0000000080d00000| Untracked 
|  14|0x0000000080e00000, 0x0000000080f00000, 0x0000000080f00000|100%| O|  |TAMS 0x0000000080f00000, 0x0000000080e00000| Untracked 
|  15|0x0000000080f00000, 0x0000000081000000, 0x0000000081000000|100%| O|  |TAMS 0x0000000081000000, 0x0000000080f00000| Untracked 
|  16|0x0000000081000000, 0x0000000081100000, 0x0000000081100000|100%| O|  |TAMS 0x0000000081100000, 0x0000000081000000| Untracked 
|  17|0x0000000081100000, 0x0000000081200000, 0x0000000081200000|100%| O|  |TAMS 0x0000000081200000, 0x0000000081100000| Untracked 
|  18|0x0000000081200000, 0x0000000081300000, 0x0000000081300000|100%| O|  |TAMS 0x0000000081300000, 0x0000000081200000| Untracked 
|  19|0x0000000081300000, 0x0000000081400000, 0x0000000081400000|100%| O|  |TAMS 0x0000000081400000, 0x0000000081300000| Untracked 
|  20|0x0000000081400000, 0x0000000081500000, 0x0000000081500000|100%| O|  |TAMS 0x0000000081500000, 0x0000000081400000| Untracked 
|  21|0x0000000081500000, 0x0000000081600000, 0x0000000081600000|100%| O|  |TAMS 0x0000000081600000, 0x0000000081500000| Untracked 
|  22|0x0000000081600000, 0x0000000081700000, 0x0000000081700000|100%| O|  |TAMS 0x0000000081700000, 0x0000000081600000| Untracked 
|  23|0x0000000081700000, 0x0000000081800000, 0x0000000081800000|100%| O|  |TAMS 0x0000000081800000, 0x0000000081700000| Untracked 
|  24|0x0000000081800000, 0x0000000081900000, 0x0000000081900000|100%| O|  |TAMS 0x0000000081900000, 0x0000000081800000| Untracked 
|  25|0x0000000081900000, 0x0000000081a00000, 0x0000000081a00000|100%| O|  |TAMS 0x0000000081a00000, 0x0000000081900000| Untracked 
|  26|0x0000000081a00000, 0x0000000081b00000, 0x0000000081b00000|100%| O|  |TAMS 0x0000000081b00000, 0x0000000081a00000| Untracked 
|  27|0x0000000081b00000, 0x0000000081c00000, 0x0000000081c00000|100%| O|  |TAMS 0x0000000081c00000, 0x0000000081b00000| Untracked 
|  28|0x0000000081c00000, 0x0000000081d00000, 0x0000000081d00000|100%| O|  |TAMS 0x0000000081d00000, 0x0000000081c00000| Untracked 
|  29|0x0000000081d00000, 0x0000000081e00000, 0x0000000081e00000|100%| O|  |TAMS 0x0000000081e00000, 0x0000000081d00000| Untracked 
|  30|0x0000000081e00000, 0x0000000081f00000, 0x0000000081f00000|100%| O|  |TAMS 0x0000000081f00000, 0x0000000081e00000| Untracked 
|  31|0x0000000081f00000, 0x0000000082000000, 0x0000000082000000|100%| O|  |TAMS 0x0000000082000000, 0x0000000081f00000| Untracked 
|  32|0x0000000082000000, 0x0000000082100000, 0x0000000082100000|100%| O|  |TAMS 0x0000000082100000, 0x0000000082000000| Untracked 
|  33|0x0000000082100000, 0x0000000082200000, 0x0000000082200000|100%| O|  |TAMS 0x0000000082100000, 0x0000000082100000| Untracked 
|  34|0x0000000082200000, 0x0000000082300000, 0x0000000082300000|100%| O|  |TAMS 0x0000000082200000, 0x0000000082200000| Untracked 
|  35|0x0000000082300000, 0x0000000082400000, 0x0000000082400000|100%| O|  |TAMS 0x0000000082300000, 0x0000000082300000| Untracked 
|  36|0x0000000082400000, 0x0000000082500000, 0x0000000082500000|100%| O|  |TAMS 0x0000000082500000, 0x0000000082400000| Untracked 
|  37|0x0000000082500000, 0x0000000082600000, 0x0000000082600000|100%| O|  |TAMS 0x0000000082600000, 0x0000000082500000| Untracked 
|  38|0x0000000082600000, 0x0000000082700000, 0x0000000082700000|100%| O|  |TAMS 0x0000000082700000, 0x0000000082600000| Untracked 
|  39|0x0000000082700000, 0x0000000082800000, 0x0000000082800000|100%| O|  |TAMS 0x0000000082800000, 0x0000000082700000| Untracked 
|  40|0x0000000082800000, 0x0000000082900000, 0x0000000082900000|100%| O|  |TAMS 0x0000000082900000, 0x0000000082800000| Untracked 
|  41|0x0000000082900000, 0x0000000082a00000, 0x0000000082a00000|100%| O|  |TAMS 0x0000000082a00000, 0x0000000082900000| Untracked 
|  42|0x0000000082a00000, 0x0000000082b00000, 0x0000000082b00000|100%| O|  |TAMS 0x0000000082b00000, 0x0000000082a00000| Untracked 
|  43|0x0000000082b00000, 0x0000000082c00000, 0x0000000082c00000|100%| O|  |TAMS 0x0000000082c00000, 0x0000000082b00000| Untracked 
|  44|0x0000000082c00000, 0x0000000082d00000, 0x0000000082d00000|100%| O|  |TAMS 0x0000000082d00000, 0x0000000082c00000| Untracked 
|  45|0x0000000082d00000, 0x0000000082e00000, 0x0000000082e00000|100%| O|  |TAMS 0x0000000082e00000, 0x0000000082d00000| Untracked 
|  46|0x0000000082e00000, 0x0000000082f00000, 0x0000000082f00000|100%| O|  |TAMS 0x0000000082f00000, 0x0000000082e00000| Untracked 
|  47|0x0000000082f00000, 0x0000000083000000, 0x0000000083000000|100%| O|  |TAMS 0x0000000083000000, 0x0000000082f00000| Untracked 
|  48|0x0000000083000000, 0x0000000083100000, 0x0000000083100000|100%| O|  |TAMS 0x0000000083100000, 0x0000000083000000| Untracked 
|  49|0x0000000083100000, 0x0000000083200000, 0x0000000083200000|100%| O|  |TAMS 0x0000000083200000, 0x0000000083100000| Untracked 
|  50|0x0000000083200000, 0x0000000083300000, 0x0000000083300000|100%| O|  |TAMS 0x0000000083300000, 0x0000000083200000| Untracked 
|  51|0x0000000083300000, 0x0000000083400000, 0x0000000083400000|100%|HS|  |TAMS 0x0000000083400000, 0x0000000083300000| Complete 
|  52|0x0000000083400000, 0x0000000083500000, 0x0000000083500000|100%|HC|  |TAMS 0x0000000083500000, 0x0000000083400000| Complete 
|  53|0x0000000083500000, 0x0000000083600000, 0x0000000083600000|100%|HS|  |TAMS 0x0000000083600000, 0x0000000083500000| Complete 
|  54|0x0000000083600000, 0x0000000083700000, 0x0000000083700000|100%|HC|  |TAMS 0x0000000083700000, 0x0000000083600000| Complete 
|  55|0x0000000083700000, 0x0000000083800000, 0x0000000083800000|100%| O|  |TAMS 0x0000000083800000, 0x0000000083700000| Untracked 
|  56|0x0000000083800000, 0x0000000083900000, 0x0000000083900000|100%| O|  |TAMS 0x0000000083800000, 0x0000000083800000| Untracked 
|  57|0x0000000083900000, 0x0000000083a00000, 0x0000000083a00000|100%| O|  |TAMS 0x0000000083a00000, 0x0000000083900000| Untracked 
|  58|0x0000000083a00000, 0x0000000083b00000, 0x0000000083b00000|100%|HS|  |TAMS 0x0000000083b00000, 0x0000000083a00000| Complete 
|  59|0x0000000083b00000, 0x0000000083c00000, 0x0000000083c00000|100%|HC|  |TAMS 0x0000000083c00000, 0x0000000083b00000| Complete 
|  60|0x0000000083c00000, 0x0000000083d00000, 0x0000000083d00000|100%|HC|  |TAMS 0x0000000083d00000, 0x0000000083c00000| Complete 
|  61|0x0000000083d00000, 0x0000000083e00000, 0x0000000083e00000|100%|HC|  |TAMS 0x0000000083e00000, 0x0000000083d00000| Complete 
|  62|0x0000000083e00000, 0x0000000083f00000, 0x0000000083f00000|100%|HS|  |TAMS 0x0000000083f00000, 0x0000000083e00000| Complete 
|  63|0x0000000083f00000, 0x0000000084000000, 0x0000000084000000|100%|HC|  |TAMS 0x0000000084000000, 0x0000000083f00000| Complete 
|  64|0x0000000084000000, 0x0000000084100000, 0x0000000084100000|100%|HC|  |TAMS 0x0000000084100000, 0x0000000084000000| Complete 
|  65|0x0000000084100000, 0x0000000084200000, 0x0000000084200000|100%|HC|  |TAMS 0x0000000084200000, 0x0000000084100000| Complete 
|  66|0x0000000084200000, 0x0000000084300000, 0x0000000084300000|100%| O|  |TAMS 0x0000000084300000, 0x0000000084200000| Untracked 
|  67|0x0000000084300000, 0x0000000084400000, 0x0000000084400000|100%| O|  |TAMS 0x0000000084400000, 0x0000000084300000| Untracked 
|  68|0x0000000084400000, 0x0000000084500000, 0x0000000084500000|100%| O|  |TAMS 0x0000000084500000, 0x0000000084400000| Untracked 
|  69|0x0000000084500000, 0x0000000084600000, 0x0000000084600000|100%| O|  |TAMS 0x0000000084500000, 0x0000000084500000| Untracked 
|  70|0x0000000084600000, 0x0000000084700000, 0x0000000084700000|100%| O|  |TAMS 0x0000000084700000, 0x0000000084600000| Untracked 
|  71|0x0000000084700000, 0x0000000084800000, 0x0000000084800000|100%| O|  |TAMS 0x0000000084800000, 0x0000000084700000| Untracked 
|  72|0x0000000084800000, 0x0000000084900000, 0x0000000084900000|100%| O|  |TAMS 0x0000000084900000, 0x0000000084800000| Untracked 
|  73|0x0000000084900000, 0x0000000084a00000, 0x0000000084a00000|100%| O|  |TAMS 0x0000000084a00000, 0x0000000084900000| Untracked 
|  74|0x0000000084a00000, 0x0000000084b00000, 0x0000000084b00000|100%| O|  |TAMS 0x0000000084b00000, 0x0000000084a00000| Untracked 
|  75|0x0000000084b00000, 0x0000000084c00000, 0x0000000084c00000|100%| O|  |TAMS 0x0000000084b00000, 0x0000000084b00000| Untracked 
|  76|0x0000000084c00000, 0x0000000084d00000, 0x0000000084d00000|100%| O|  |TAMS 0x0000000084d00000, 0x0000000084c00000| Untracked 
|  77|0x0000000084d00000, 0x0000000084e00000, 0x0000000084e00000|100%|HS|  |TAMS 0x0000000084e00000, 0x0000000084d00000| Complete 
|  78|0x0000000084e00000, 0x0000000084f00000, 0x0000000084f00000|100%| O|  |TAMS 0x0000000084f00000, 0x0000000084e00000| Untracked 
|  79|0x0000000084f00000, 0x0000000085000000, 0x0000000085000000|100%|HS|  |TAMS 0x0000000085000000, 0x0000000084f00000| Complete 
|  80|0x0000000085000000, 0x0000000085100000, 0x0000000085100000|100%|HS|  |TAMS 0x0000000085100000, 0x0000000085000000| Complete 
|  81|0x0000000085100000, 0x0000000085200000, 0x0000000085200000|100%| O|  |TAMS 0x0000000085200000, 0x0000000085100000| Untracked 
|  82|0x0000000085200000, 0x0000000085300000, 0x0000000085300000|100%|HS|  |TAMS 0x0000000085300000, 0x0000000085200000| Complete 
|  83|0x0000000085300000, 0x0000000085400000, 0x0000000085400000|100%|HS|  |TAMS 0x0000000085400000, 0x0000000085300000| Complete 
|  84|0x0000000085400000, 0x0000000085500000, 0x0000000085500000|100%| O|  |TAMS 0x0000000085500000, 0x0000000085400000| Untracked 
|  85|0x0000000085500000, 0x0000000085600000, 0x0000000085600000|100%| O|  |TAMS 0x0000000085600000, 0x0000000085500000| Untracked 
|  86|0x0000000085600000, 0x0000000085700000, 0x0000000085700000|100%| O|  |TAMS 0x0000000085700000, 0x0000000085600000| Untracked 
|  87|0x0000000085700000, 0x0000000085800000, 0x0000000085800000|100%| O|  |TAMS 0x0000000085800000, 0x0000000085700000| Untracked 
|  88|0x0000000085800000, 0x0000000085900000, 0x0000000085900000|100%| O|  |TAMS 0x0000000085900000, 0x0000000085800000| Untracked 
|  89|0x0000000085900000, 0x0000000085a00000, 0x0000000085a00000|100%| O|  |TAMS 0x0000000085900000, 0x0000000085900000| Untracked 
|  90|0x0000000085a00000, 0x0000000085b00000, 0x0000000085b00000|100%| O|  |TAMS 0x0000000085b00000, 0x0000000085a00000| Untracked 
|  91|0x0000000085b00000, 0x0000000085c00000, 0x0000000085c00000|100%| O|  |TAMS 0x0000000085c00000, 0x0000000085b00000| Untracked 
|  92|0x0000000085c00000, 0x0000000085d00000, 0x0000000085d00000|100%| O|  |TAMS 0x0000000085d00000, 0x0000000085c00000| Untracked 
|  93|0x0000000085d00000, 0x0000000085e00000, 0x0000000085e00000|100%| O|  |TAMS 0x0000000085e00000, 0x0000000085d00000| Untracked 
|  94|0x0000000085e00000, 0x0000000085f00000, 0x0000000085f00000|100%| O|  |TAMS 0x0000000085f00000, 0x0000000085e00000| Untracked 
|  95|0x0000000085f00000, 0x0000000086000000, 0x0000000086000000|100%| O|  |TAMS 0x0000000086000000, 0x0000000085f00000| Untracked 
|  96|0x0000000086000000, 0x0000000086100000, 0x0000000086100000|100%| O|  |TAMS 0x0000000086100000, 0x0000000086000000| Untracked 
|  97|0x0000000086100000, 0x0000000086200000, 0x0000000086200000|100%| O|  |TAMS 0x0000000086200000, 0x0000000086100000| Untracked 
|  98|0x0000000086200000, 0x0000000086300000, 0x0000000086300000|100%| O|  |TAMS 0x0000000086300000, 0x0000000086200000| Untracked 
|  99|0x0000000086300000, 0x0000000086400000, 0x0000000086400000|100%| O|  |TAMS 0x0000000086400000, 0x0000000086300000| Untracked 
| 100|0x0000000086400000, 0x0000000086500000, 0x0000000086500000|100%| O|  |TAMS 0x0000000086500000, 0x0000000086400000| Untracked 
| 101|0x0000000086500000, 0x0000000086600000, 0x0000000086600000|100%| O|  |TAMS 0x0000000086600000, 0x0000000086500000| Untracked 
| 102|0x0000000086600000, 0x0000000086700000, 0x0000000086700000|100%| O|  |TAMS 0x0000000086700000, 0x0000000086600000| Untracked 
| 103|0x0000000086700000, 0x0000000086800000, 0x0000000086800000|100%| O|  |TAMS 0x0000000086800000, 0x0000000086700000| Untracked 
| 104|0x0000000086800000, 0x0000000086900000, 0x0000000086900000|100%| O|  |TAMS 0x0000000086900000, 0x0000000086800000| Untracked 
| 105|0x0000000086900000, 0x0000000086a00000, 0x0000000086a00000|100%| O|  |TAMS 0x0000000086a00000, 0x0000000086900000| Untracked 
| 106|0x0000000086a00000, 0x0000000086b00000, 0x0000000086b00000|100%| O|  |TAMS 0x0000000086b00000, 0x0000000086a00000| Untracked 
| 107|0x0000000086b00000, 0x0000000086c00000, 0x0000000086c00000|100%| O|  |TAMS 0x0000000086c00000, 0x0000000086b00000| Untracked 
| 108|0x0000000086c00000, 0x0000000086d00000, 0x0000000086d00000|100%| O|  |TAMS 0x0000000086d00000, 0x0000000086c00000| Untracked 
| 109|0x0000000086d00000, 0x0000000086e00000, 0x0000000086e00000|100%| O|  |TAMS 0x0000000086e00000, 0x0000000086d00000| Untracked 
| 110|0x0000000086e00000, 0x0000000086f00000, 0x0000000086f00000|100%| O|  |TAMS 0x0000000086f00000, 0x0000000086e00000| Untracked 
| 111|0x0000000086f00000, 0x0000000087000000, 0x0000000087000000|100%| O|  |TAMS 0x0000000087000000, 0x0000000086f00000| Untracked 
| 112|0x0000000087000000, 0x0000000087100000, 0x0000000087100000|100%| O|  |TAMS 0x0000000087100000, 0x0000000087000000| Untracked 
| 113|0x0000000087100000, 0x0000000087200000, 0x0000000087200000|100%| O|  |TAMS 0x0000000087200000, 0x0000000087100000| Untracked 
| 114|0x0000000087200000, 0x0000000087300000, 0x0000000087300000|100%| O|  |TAMS 0x0000000087300000, 0x0000000087200000| Untracked 
| 115|0x0000000087300000, 0x0000000087400000, 0x0000000087400000|100%| O|  |TAMS 0x0000000087400000, 0x0000000087300000| Untracked 
| 116|0x0000000087400000, 0x0000000087500000, 0x0000000087500000|100%| O|  |TAMS 0x0000000087500000, 0x0000000087400000| Untracked 
| 117|0x0000000087500000, 0x0000000087600000, 0x0000000087600000|100%| O|  |TAMS 0x0000000087600000, 0x0000000087500000| Untracked 
| 118|0x0000000087600000, 0x0000000087700000, 0x0000000087700000|100%| O|  |TAMS 0x0000000087700000, 0x0000000087600000| Untracked 
| 119|0x0000000087700000, 0x0000000087800000, 0x0000000087800000|100%| O|  |TAMS 0x0000000087800000, 0x0000000087700000| Untracked 
| 120|0x0000000087800000, 0x0000000087900000, 0x0000000087900000|100%| O|  |TAMS 0x0000000087900000, 0x0000000087800000| Untracked 
| 121|0x0000000087900000, 0x0000000087a00000, 0x0000000087a00000|100%| O|  |TAMS 0x0000000087a00000, 0x0000000087900000| Untracked 
| 122|0x0000000087a00000, 0x0000000087b00000, 0x0000000087b00000|100%| O|  |TAMS 0x0000000087b00000, 0x0000000087a00000| Untracked 
| 123|0x0000000087b00000, 0x0000000087c00000, 0x0000000087c00000|100%| O|  |TAMS 0x0000000087c00000, 0x0000000087b00000| Untracked 
| 124|0x0000000087c00000, 0x0000000087d00000, 0x0000000087d00000|100%| O|  |TAMS 0x0000000087d00000, 0x0000000087c00000| Untracked 
| 125|0x0000000087d00000, 0x0000000087e00000, 0x0000000087e00000|100%| O|  |TAMS 0x0000000087e00000, 0x0000000087d00000| Untracked 
| 126|0x0000000087e00000, 0x0000000087f00000, 0x0000000087f00000|100%| O|  |TAMS 0x0000000087e00000, 0x0000000087e00000| Untracked 
| 127|0x0000000087f00000, 0x0000000088000000, 0x0000000088000000|100%|HS|  |TAMS 0x0000000088000000, 0x0000000087f00000| Complete 
| 128|0x0000000088000000, 0x0000000088100000, 0x0000000088100000|100%|HC|  |TAMS 0x0000000088100000, 0x0000000088000000| Complete 
| 129|0x0000000088100000, 0x0000000088200000, 0x0000000088200000|100%| O|  |TAMS 0x0000000088200000, 0x0000000088100000| Untracked 
| 130|0x0000000088200000, 0x0000000088300000, 0x0000000088300000|100%| O|  |TAMS 0x0000000088300000, 0x0000000088200000| Untracked 
| 131|0x0000000088300000, 0x0000000088400000, 0x0000000088400000|100%| O|  |TAMS 0x0000000088400000, 0x0000000088300000| Untracked 
| 132|0x0000000088400000, 0x0000000088500000, 0x0000000088500000|100%| O|  |TAMS 0x0000000088500000, 0x0000000088400000| Untracked 
| 133|0x0000000088500000, 0x0000000088600000, 0x0000000088600000|100%| O|  |TAMS 0x0000000088600000, 0x0000000088500000| Untracked 
| 134|0x0000000088600000, 0x0000000088700000, 0x0000000088700000|100%| O|  |TAMS 0x0000000088600000, 0x0000000088600000| Untracked 
| 135|0x0000000088700000, 0x0000000088800000, 0x0000000088800000|100%| O|  |TAMS 0x0000000088800000, 0x0000000088700000| Untracked 
| 136|0x0000000088800000, 0x0000000088900000, 0x0000000088900000|100%| O|  |TAMS 0x0000000088900000, 0x0000000088800000| Untracked 
| 137|0x0000000088900000, 0x0000000088a00000, 0x0000000088a00000|100%| O|  |TAMS 0x0000000088a00000, 0x0000000088900000| Untracked 
| 138|0x0000000088a00000, 0x0000000088b00000, 0x0000000088b00000|100%| O|  |TAMS 0x0000000088b00000, 0x0000000088a00000| Untracked 
| 139|0x0000000088b00000, 0x0000000088c00000, 0x0000000088c00000|100%| O|  |TAMS 0x0000000088c00000, 0x0000000088b00000| Untracked 
| 140|0x0000000088c00000, 0x0000000088d00000, 0x0000000088d00000|100%| O|  |TAMS 0x0000000088d00000, 0x0000000088c00000| Untracked 
| 141|0x0000000088d00000, 0x0000000088e00000, 0x0000000088e00000|100%| O|  |TAMS 0x0000000088d1e000, 0x0000000088d00000| Untracked 
| 142|0x0000000088e00000, 0x0000000088f00000, 0x0000000088f00000|100%| O|  |TAMS 0x0000000088e00000, 0x0000000088e00000| Untracked 
| 143|0x0000000088f00000, 0x0000000089000000, 0x0000000089000000|100%| O|  |TAMS 0x0000000088f00000, 0x0000000088f00000| Untracked 
| 144|0x0000000089000000, 0x0000000089100000, 0x0000000089100000|100%| O|  |TAMS 0x0000000089000000, 0x0000000089000000| Untracked 
| 145|0x0000000089100000, 0x0000000089200000, 0x0000000089200000|100%| O|  |TAMS 0x0000000089100000, 0x0000000089100000| Untracked 
| 146|0x0000000089200000, 0x0000000089300000, 0x0000000089300000|100%| O|  |TAMS 0x0000000089200000, 0x0000000089200000| Untracked 
| 147|0x0000000089300000, 0x0000000089400000, 0x0000000089400000|100%| O|  |TAMS 0x0000000089300000, 0x0000000089300000| Untracked 
| 148|0x0000000089400000, 0x0000000089500000, 0x0000000089500000|100%| O|  |TAMS 0x0000000089400000, 0x0000000089400000| Untracked 
| 149|0x0000000089500000, 0x0000000089600000, 0x0000000089600000|100%| O|  |TAMS 0x0000000089500000, 0x0000000089500000| Untracked 
| 150|0x0000000089600000, 0x0000000089700000, 0x0000000089700000|100%| O|  |TAMS 0x0000000089600000, 0x0000000089600000| Untracked 
| 151|0x0000000089700000, 0x0000000089800000, 0x0000000089800000|100%| O|  |TAMS 0x0000000089700000, 0x0000000089700000| Untracked 
| 152|0x0000000089800000, 0x0000000089900000, 0x0000000089900000|100%| O|  |TAMS 0x0000000089800000, 0x0000000089800000| Untracked 
| 153|0x0000000089900000, 0x0000000089a00000, 0x0000000089a00000|100%| O|  |TAMS 0x0000000089900000, 0x0000000089900000| Untracked 
| 154|0x0000000089a00000, 0x0000000089b00000, 0x0000000089b00000|100%| O|  |TAMS 0x0000000089a00000, 0x0000000089a00000| Untracked 
| 155|0x0000000089b00000, 0x0000000089c00000, 0x0000000089c00000|100%| O|  |TAMS 0x0000000089b00000, 0x0000000089b00000| Untracked 
| 156|0x0000000089c00000, 0x0000000089d00000, 0x0000000089d00000|100%| O|  |TAMS 0x0000000089c00000, 0x0000000089c00000| Untracked 
| 157|0x0000000089d00000, 0x0000000089e00000, 0x0000000089e00000|100%| O|  |TAMS 0x0000000089d00000, 0x0000000089d00000| Untracked 
| 158|0x0000000089e00000, 0x0000000089f00000, 0x0000000089f00000|100%| O|  |TAMS 0x0000000089e00000, 0x0000000089e00000| Untracked 
| 159|0x0000000089f00000, 0x000000008a000000, 0x000000008a000000|100%| O|  |TAMS 0x0000000089f00000, 0x0000000089f00000| Untracked 
| 160|0x000000008a000000, 0x000000008a100000, 0x000000008a100000|100%| O|  |TAMS 0x000000008a000000, 0x000000008a000000| Untracked 
| 161|0x000000008a100000, 0x000000008a200000, 0x000000008a200000|100%| O|  |TAMS 0x000000008a100000, 0x000000008a100000| Untracked 
| 162|0x000000008a200000, 0x000000008a300000, 0x000000008a300000|100%| O|  |TAMS 0x000000008a200000, 0x000000008a200000| Untracked 
| 163|0x000000008a300000, 0x000000008a400000, 0x000000008a400000|100%| O|  |TAMS 0x000000008a300000, 0x000000008a300000| Untracked 
| 164|0x000000008a400000, 0x000000008a500000, 0x000000008a500000|100%| O|  |TAMS 0x000000008a400000, 0x000000008a400000| Untracked 
| 165|0x000000008a500000, 0x000000008a600000, 0x000000008a600000|100%| O|  |TAMS 0x000000008a500000, 0x000000008a500000| Untracked 
| 166|0x000000008a600000, 0x000000008a700000, 0x000000008a700000|100%| O|  |TAMS 0x000000008a600000, 0x000000008a600000| Untracked 
| 167|0x000000008a700000, 0x000000008a800000, 0x000000008a800000|100%| O|  |TAMS 0x000000008a700000, 0x000000008a700000| Untracked 
| 168|0x000000008a800000, 0x000000008a900000, 0x000000008a900000|100%| O|  |TAMS 0x000000008a800000, 0x000000008a800000| Untracked 
| 169|0x000000008a900000, 0x000000008aa00000, 0x000000008aa00000|100%| O|  |TAMS 0x000000008a900000, 0x000000008a900000| Untracked 
| 170|0x000000008aa00000, 0x000000008ab00000, 0x000000008ab00000|100%| O|  |TAMS 0x000000008aa00000, 0x000000008aa00000| Untracked 
| 171|0x000000008ab00000, 0x000000008ac00000, 0x000000008ac00000|100%| O|  |TAMS 0x000000008ab00000, 0x000000008ab00000| Untracked 
| 172|0x000000008ac00000, 0x000000008ad00000, 0x000000008ad00000|100%| O|  |TAMS 0x000000008ac00000, 0x000000008ac00000| Untracked 
| 173|0x000000008ad00000, 0x000000008ae00000, 0x000000008ae00000|100%| O|  |TAMS 0x000000008ad00000, 0x000000008ad00000| Untracked 
| 174|0x000000008ae00000, 0x000000008af00000, 0x000000008af00000|100%|HS|  |TAMS 0x000000008ae00000, 0x000000008ae00000| Complete 
| 175|0x000000008af00000, 0x000000008b000000, 0x000000008b000000|100%|HS|  |TAMS 0x000000008af00000, 0x000000008af00000| Complete 
| 176|0x000000008b000000, 0x000000008b100000, 0x000000008b100000|100%|HC|  |TAMS 0x000000008b000000, 0x000000008b000000| Complete 
| 177|0x000000008b100000, 0x000000008b200000, 0x000000008b200000|100%|HS|  |TAMS 0x000000008b100000, 0x000000008b100000| Complete 
| 178|0x000000008b200000, 0x000000008b300000, 0x000000008b300000|100%|HS|  |TAMS 0x000000008b200000, 0x000000008b200000| Complete 
| 179|0x000000008b300000, 0x000000008b400000, 0x000000008b400000|100%|HC|  |TAMS 0x000000008b300000, 0x000000008b300000| Complete 
| 180|0x000000008b400000, 0x000000008b500000, 0x000000008b500000|100%|HC|  |TAMS 0x000000008b400000, 0x000000008b400000| Complete 
| 181|0x000000008b500000, 0x000000008b600000, 0x000000008b600000|100%|HC|  |TAMS 0x000000008b500000, 0x000000008b500000| Complete 
| 182|0x000000008b600000, 0x000000008b700000, 0x000000008b700000|100%|HS|  |TAMS 0x000000008b600000, 0x000000008b600000| Complete 
| 183|0x000000008b700000, 0x000000008b800000, 0x000000008b800000|100%|HC|  |TAMS 0x000000008b700000, 0x000000008b700000| Complete 
| 184|0x000000008b800000, 0x000000008b900000, 0x000000008b900000|100%| O|  |TAMS 0x000000008b800000, 0x000000008b800000| Untracked 
| 185|0x000000008b900000, 0x000000008ba00000, 0x000000008ba00000|100%| O|  |TAMS 0x000000008b900000, 0x000000008b900000| Untracked 
| 186|0x000000008ba00000, 0x000000008bb00000, 0x000000008bb00000|100%| O|  |TAMS 0x000000008ba00000, 0x000000008ba00000| Untracked 
| 187|0x000000008bb00000, 0x000000008bc00000, 0x000000008bc00000|100%| O|  |TAMS 0x000000008bb00000, 0x000000008bb00000| Untracked 
| 188|0x000000008bc00000, 0x000000008bd00000, 0x000000008bd00000|100%| O|  |TAMS 0x000000008bc00000, 0x000000008bc00000| Untracked 
| 189|0x000000008bd00000, 0x000000008be00000, 0x000000008be00000|100%| O|  |TAMS 0x000000008bd00000, 0x000000008bd00000| Untracked 
| 190|0x000000008be00000, 0x000000008bf00000, 0x000000008bf00000|100%| O|  |TAMS 0x000000008be00000, 0x000000008be00000| Untracked 
| 191|0x000000008bf00000, 0x000000008c000000, 0x000000008c000000|100%| O|  |TAMS 0x000000008bf00000, 0x000000008bf00000| Untracked 
| 192|0x000000008c000000, 0x000000008c100000, 0x000000008c100000|100%| O|  |TAMS 0x000000008c000000, 0x000000008c000000| Untracked 
| 193|0x000000008c100000, 0x000000008c200000, 0x000000008c200000|100%| O|  |TAMS 0x000000008c100000, 0x000000008c100000| Untracked 
| 194|0x000000008c200000, 0x000000008c300000, 0x000000008c300000|100%| O|  |TAMS 0x000000008c200000, 0x000000008c200000| Untracked 
| 195|0x000000008c300000, 0x000000008c400000, 0x000000008c400000|100%| O|  |TAMS 0x000000008c300000, 0x000000008c300000| Untracked 
| 196|0x000000008c400000, 0x000000008c500000, 0x000000008c500000|100%| O|  |TAMS 0x000000008c400000, 0x000000008c400000| Untracked 
| 197|0x000000008c500000, 0x000000008c600000, 0x000000008c600000|100%| O|  |TAMS 0x000000008c500000, 0x000000008c500000| Untracked 
| 198|0x000000008c600000, 0x000000008c700000, 0x000000008c700000|100%| O|  |TAMS 0x000000008c600000, 0x000000008c600000| Untracked 
| 199|0x000000008c700000, 0x000000008c800000, 0x000000008c800000|100%| O|  |TAMS 0x000000008c700000, 0x000000008c700000| Untracked 
| 200|0x000000008c800000, 0x000000008c900000, 0x000000008c900000|100%| O|  |TAMS 0x000000008c800000, 0x000000008c800000| Untracked 
| 201|0x000000008c900000, 0x000000008ca00000, 0x000000008ca00000|100%| O|  |TAMS 0x000000008c900000, 0x000000008c900000| Untracked 
| 202|0x000000008ca00000, 0x000000008cb00000, 0x000000008cb00000|100%|HS|  |TAMS 0x000000008ca00000, 0x000000008ca00000| Complete 
| 203|0x000000008cb00000, 0x000000008cc00000, 0x000000008cc00000|100%| O|  |TAMS 0x000000008cb00000, 0x000000008cb00000| Untracked 
| 204|0x000000008cc00000, 0x000000008cd00000, 0x000000008cd00000|100%| O|  |TAMS 0x000000008cc00000, 0x000000008cc00000| Untracked 
| 205|0x000000008cd00000, 0x000000008ce00000, 0x000000008ce00000|100%| O|  |TAMS 0x000000008cd00000, 0x000000008cd00000| Untracked 
| 206|0x000000008ce00000, 0x000000008cf00000, 0x000000008cf00000|100%| O|  |TAMS 0x000000008ce00000, 0x000000008ce00000| Untracked 
| 207|0x000000008cf00000, 0x000000008d000000, 0x000000008d000000|100%| O|  |TAMS 0x000000008cf00000, 0x000000008cf00000| Untracked 
| 208|0x000000008d000000, 0x000000008d100000, 0x000000008d100000|100%| O|  |TAMS 0x000000008d000000, 0x000000008d000000| Untracked 
| 209|0x000000008d100000, 0x000000008d200000, 0x000000008d200000|100%| O|  |TAMS 0x000000008d100000, 0x000000008d100000| Untracked 
| 210|0x000000008d200000, 0x000000008d300000, 0x000000008d300000|100%| O|  |TAMS 0x000000008d200000, 0x000000008d200000| Untracked 
| 211|0x000000008d300000, 0x000000008d400000, 0x000000008d400000|100%| O|  |TAMS 0x000000008d300000, 0x000000008d300000| Untracked 
| 212|0x000000008d400000, 0x000000008d500000, 0x000000008d500000|100%| O|  |TAMS 0x000000008d400000, 0x000000008d400000| Untracked 
| 213|0x000000008d500000, 0x000000008d600000, 0x000000008d600000|100%| O|  |TAMS 0x000000008d500000, 0x000000008d500000| Untracked 
| 214|0x000000008d600000, 0x000000008d700000, 0x000000008d700000|100%| O|  |TAMS 0x000000008d600000, 0x000000008d600000| Untracked 
| 215|0x000000008d700000, 0x000000008d800000, 0x000000008d800000|100%| O|  |TAMS 0x000000008d700000, 0x000000008d700000| Untracked 
| 216|0x000000008d800000, 0x000000008d900000, 0x000000008d900000|100%| O|  |TAMS 0x000000008d800000, 0x000000008d800000| Untracked 
| 217|0x000000008d900000, 0x000000008da00000, 0x000000008da00000|100%| O|  |TAMS 0x000000008d900000, 0x000000008d900000| Untracked 
| 218|0x000000008da00000, 0x000000008db00000, 0x000000008db00000|100%| O|  |TAMS 0x000000008da00000, 0x000000008da00000| Untracked 
| 219|0x000000008db00000, 0x000000008dc00000, 0x000000008dc00000|100%| O|  |TAMS 0x000000008db00000, 0x000000008db00000| Untracked 
| 220|0x000000008dc00000, 0x000000008dd00000, 0x000000008dd00000|100%| O|  |TAMS 0x000000008dc00000, 0x000000008dc00000| Untracked 
| 221|0x000000008dd00000, 0x000000008de00000, 0x000000008de00000|100%| O|  |TAMS 0x000000008dd00000, 0x000000008dd00000| Untracked 
| 222|0x000000008de00000, 0x000000008df00000, 0x000000008df00000|100%| O|  |TAMS 0x000000008de00000, 0x000000008de00000| Untracked 
| 223|0x000000008df00000, 0x000000008e000000, 0x000000008e000000|100%| O|  |TAMS 0x000000008df00000, 0x000000008df00000| Untracked 
| 224|0x000000008e000000, 0x000000008e100000, 0x000000008e100000|100%| O|  |TAMS 0x000000008e000000, 0x000000008e000000| Untracked 
| 225|0x000000008e100000, 0x000000008e200000, 0x000000008e200000|100%| O|  |TAMS 0x000000008e100000, 0x000000008e100000| Untracked 
| 226|0x000000008e200000, 0x000000008e300000, 0x000000008e300000|100%| O|  |TAMS 0x000000008e200000, 0x000000008e200000| Untracked 
| 227|0x000000008e300000, 0x000000008e400000, 0x000000008e400000|100%| O|  |TAMS 0x000000008e300000, 0x000000008e300000| Untracked 
| 228|0x000000008e400000, 0x000000008e500000, 0x000000008e500000|100%| O|  |TAMS 0x000000008e400000, 0x000000008e400000| Untracked 
| 229|0x000000008e500000, 0x000000008e600000, 0x000000008e600000|100%| O|  |TAMS 0x000000008e500000, 0x000000008e500000| Untracked 
| 230|0x000000008e600000, 0x000000008e700000, 0x000000008e700000|100%| O|  |TAMS 0x000000008e600000, 0x000000008e600000| Untracked 
| 231|0x000000008e700000, 0x000000008e800000, 0x000000008e800000|100%| O|  |TAMS 0x000000008e700000, 0x000000008e700000| Untracked 
| 232|0x000000008e800000, 0x000000008e900000, 0x000000008e900000|100%| O|  |TAMS 0x000000008e800000, 0x000000008e800000| Untracked 
| 233|0x000000008e900000, 0x000000008ea00000, 0x000000008ea00000|100%| O|  |TAMS 0x000000008e900000, 0x000000008e900000| Untracked 
| 234|0x000000008ea00000, 0x000000008eb00000, 0x000000008eb00000|100%| O|  |TAMS 0x000000008ea00000, 0x000000008ea00000| Untracked 
| 235|0x000000008eb00000, 0x000000008ec00000, 0x000000008ec00000|100%| O|  |TAMS 0x000000008eb00000, 0x000000008eb00000| Untracked 
| 236|0x000000008ec00000, 0x000000008ed00000, 0x000000008ed00000|100%| O|  |TAMS 0x000000008ec00000, 0x000000008ec00000| Untracked 
| 237|0x000000008ed00000, 0x000000008ee00000, 0x000000008ee00000|100%| O|  |TAMS 0x000000008ed00000, 0x000000008ed00000| Untracked 
| 238|0x000000008ee00000, 0x000000008ef00000, 0x000000008ef00000|100%| O|  |TAMS 0x000000008ee00000, 0x000000008ee00000| Untracked 
| 239|0x000000008ef00000, 0x000000008f000000, 0x000000008f000000|100%| O|  |TAMS 0x000000008ef00000, 0x000000008ef00000| Untracked 
| 240|0x000000008f000000, 0x000000008f100000, 0x000000008f100000|100%| O|  |TAMS 0x000000008f000000, 0x000000008f000000| Untracked 
| 241|0x000000008f100000, 0x000000008f200000, 0x000000008f200000|100%| O|  |TAMS 0x000000008f100000, 0x000000008f100000| Untracked 
| 242|0x000000008f200000, 0x000000008f300000, 0x000000008f300000|100%| O|  |TAMS 0x000000008f200000, 0x000000008f200000| Untracked 
| 243|0x000000008f300000, 0x000000008f400000, 0x000000008f400000|100%| O|  |TAMS 0x000000008f300000, 0x000000008f300000| Untracked 
| 244|0x000000008f400000, 0x000000008f500000, 0x000000008f500000|100%| O|  |TAMS 0x000000008f400000, 0x000000008f400000| Untracked 
| 245|0x000000008f500000, 0x000000008f600000, 0x000000008f600000|100%| O|  |TAMS 0x000000008f500000, 0x000000008f500000| Untracked 
| 246|0x000000008f600000, 0x000000008f700000, 0x000000008f700000|100%| O|  |TAMS 0x000000008f600000, 0x000000008f600000| Untracked 
| 247|0x000000008f700000, 0x000000008f800000, 0x000000008f800000|100%| O|  |TAMS 0x000000008f700000, 0x000000008f700000| Untracked 
| 248|0x000000008f800000, 0x000000008f900000, 0x000000008f900000|100%| O|  |TAMS 0x000000008f800000, 0x000000008f800000| Untracked 
| 249|0x000000008f900000, 0x000000008fa00000, 0x000000008fa00000|100%| O|  |TAMS 0x000000008f900000, 0x000000008f900000| Untracked 
| 250|0x000000008fa00000, 0x000000008fb00000, 0x000000008fb00000|100%| O|  |TAMS 0x000000008fa00000, 0x000000008fa00000| Untracked 
| 251|0x000000008fb00000, 0x000000008fc00000, 0x000000008fc00000|100%| O|  |TAMS 0x000000008fb00000, 0x000000008fb00000| Untracked 
| 252|0x000000008fc00000, 0x000000008fd00000, 0x000000008fd00000|100%| O|  |TAMS 0x000000008fc00000, 0x000000008fc00000| Untracked 
| 253|0x000000008fd00000, 0x000000008fe00000, 0x000000008fe00000|100%|HS|  |TAMS 0x000000008fd00000, 0x000000008fd00000| Complete 
| 254|0x000000008fe00000, 0x000000008ff00000, 0x000000008ff00000|100%| O|  |TAMS 0x000000008fe00000, 0x000000008fe00000| Untracked 
| 255|0x000000008ff00000, 0x0000000090000000, 0x0000000090000000|100%| O|  |TAMS 0x000000008ff00000, 0x000000008ff00000| Untracked 
| 256|0x0000000090000000, 0x0000000090100000, 0x0000000090100000|100%| O|  |TAMS 0x0000000090000000, 0x0000000090000000| Untracked 
| 257|0x0000000090100000, 0x0000000090200000, 0x0000000090200000|100%| O|  |TAMS 0x0000000090100000, 0x0000000090100000| Untracked 
| 258|0x0000000090200000, 0x0000000090300000, 0x0000000090300000|100%| O|  |TAMS 0x0000000090200000, 0x0000000090200000| Untracked 
| 259|0x0000000090300000, 0x0000000090400000, 0x0000000090400000|100%| O|  |TAMS 0x0000000090300000, 0x0000000090300000| Untracked 
| 260|0x0000000090400000, 0x0000000090500000, 0x0000000090500000|100%| O|  |TAMS 0x0000000090400000, 0x0000000090400000| Untracked 
| 261|0x0000000090500000, 0x0000000090600000, 0x0000000090600000|100%|HS|  |TAMS 0x0000000090500000, 0x0000000090500000| Complete 
| 262|0x0000000090600000, 0x0000000090700000, 0x0000000090700000|100%|HS|  |TAMS 0x0000000090600000, 0x0000000090600000| Complete 
| 263|0x0000000090700000, 0x0000000090800000, 0x0000000090800000|100%| O|  |TAMS 0x0000000090700000, 0x0000000090700000| Untracked 
| 264|0x0000000090800000, 0x0000000090900000, 0x0000000090900000|100%| O|  |TAMS 0x0000000090800000, 0x0000000090800000| Untracked 
| 265|0x0000000090900000, 0x0000000090a00000, 0x0000000090a00000|100%| O|  |TAMS 0x0000000090900000, 0x0000000090900000| Untracked 
| 266|0x0000000090a00000, 0x0000000090b00000, 0x0000000090b00000|100%| O|  |TAMS 0x0000000090a00000, 0x0000000090a00000| Untracked 
| 267|0x0000000090b00000, 0x0000000090c00000, 0x0000000090c00000|100%| O|  |TAMS 0x0000000090b00000, 0x0000000090b00000| Untracked 
| 268|0x0000000090c00000, 0x0000000090d00000, 0x0000000090d00000|100%| O|  |TAMS 0x0000000090c00000, 0x0000000090c00000| Untracked 
| 269|0x0000000090d00000, 0x0000000090e00000, 0x0000000090e00000|100%| O|  |TAMS 0x0000000090d00000, 0x0000000090d00000| Untracked 
| 270|0x0000000090e00000, 0x0000000090f00000, 0x0000000090f00000|100%| O|  |TAMS 0x0000000090e00000, 0x0000000090e00000| Untracked 
| 271|0x0000000090f00000, 0x0000000091000000, 0x0000000091000000|100%| O|  |TAMS 0x0000000090f00000, 0x0000000090f00000| Untracked 
| 272|0x0000000091000000, 0x0000000091100000, 0x0000000091100000|100%| O|  |TAMS 0x0000000091000000, 0x0000000091000000| Untracked 
| 273|0x0000000091100000, 0x0000000091200000, 0x0000000091200000|100%| O|  |TAMS 0x0000000091100000, 0x0000000091100000| Untracked 
| 274|0x0000000091200000, 0x0000000091300000, 0x0000000091300000|100%| O|  |TAMS 0x0000000091200000, 0x0000000091200000| Untracked 
| 275|0x0000000091300000, 0x0000000091400000, 0x0000000091400000|100%| O|  |TAMS 0x0000000091300000, 0x0000000091300000| Untracked 
| 276|0x0000000091400000, 0x0000000091500000, 0x0000000091500000|100%| O|  |TAMS 0x0000000091400000, 0x0000000091400000| Untracked 
| 277|0x0000000091500000, 0x0000000091600000, 0x0000000091600000|100%| O|  |TAMS 0x0000000091500000, 0x0000000091500000| Untracked 
| 278|0x0000000091600000, 0x0000000091700000, 0x0000000091700000|100%| O|  |TAMS 0x0000000091600000, 0x0000000091600000| Untracked 
| 279|0x0000000091700000, 0x0000000091800000, 0x0000000091800000|100%| O|  |TAMS 0x0000000091700000, 0x0000000091700000| Untracked 
| 280|0x0000000091800000, 0x0000000091900000, 0x0000000091900000|100%| O|  |TAMS 0x0000000091800000, 0x0000000091800000| Untracked 
| 281|0x0000000091900000, 0x0000000091a00000, 0x0000000091a00000|100%| O|  |TAMS 0x0000000091900000, 0x0000000091900000| Untracked 
| 282|0x0000000091a00000, 0x0000000091b00000, 0x0000000091b00000|100%| O|  |TAMS 0x0000000091a00000, 0x0000000091a00000| Untracked 
| 283|0x0000000091b00000, 0x0000000091c00000, 0x0000000091c00000|100%| O|  |TAMS 0x0000000091b00000, 0x0000000091b00000| Untracked 
| 284|0x0000000091c00000, 0x0000000091d00000, 0x0000000091d00000|100%| O|  |TAMS 0x0000000091c00000, 0x0000000091c00000| Untracked 
| 285|0x0000000091d00000, 0x0000000091e00000, 0x0000000091e00000|100%| O|  |TAMS 0x0000000091d00000, 0x0000000091d00000| Untracked 
| 286|0x0000000091e00000, 0x0000000091f00000, 0x0000000091f00000|100%| O|  |TAMS 0x0000000091e00000, 0x0000000091e00000| Untracked 
| 287|0x0000000091f00000, 0x0000000092000000, 0x0000000092000000|100%| O|  |TAMS 0x0000000091f00000, 0x0000000091f00000| Untracked 
| 288|0x0000000092000000, 0x0000000092100000, 0x0000000092100000|100%| O|  |TAMS 0x0000000092000000, 0x0000000092000000| Untracked 
| 289|0x0000000092100000, 0x0000000092200000, 0x0000000092200000|100%| O|  |TAMS 0x0000000092100000, 0x0000000092100000| Untracked 
| 290|0x0000000092200000, 0x0000000092300000, 0x0000000092300000|100%| O|  |TAMS 0x0000000092200000, 0x0000000092200000| Untracked 
| 291|0x0000000092300000, 0x0000000092400000, 0x0000000092400000|100%| O|  |TAMS 0x0000000092300000, 0x0000000092300000| Untracked 
| 292|0x0000000092400000, 0x0000000092500000, 0x0000000092500000|100%| O|  |TAMS 0x0000000092400000, 0x0000000092400000| Untracked 
| 293|0x0000000092500000, 0x0000000092600000, 0x0000000092600000|100%| O|  |TAMS 0x0000000092500000, 0x0000000092500000| Untracked 
| 294|0x0000000092600000, 0x0000000092700000, 0x0000000092700000|100%| O|  |TAMS 0x0000000092600000, 0x0000000092600000| Untracked 
| 295|0x0000000092700000, 0x0000000092800000, 0x0000000092800000|100%| O|  |TAMS 0x0000000092700000, 0x0000000092700000| Untracked 
| 296|0x0000000092800000, 0x0000000092900000, 0x0000000092900000|100%| O|  |TAMS 0x0000000092800000, 0x0000000092800000| Untracked 
| 297|0x0000000092900000, 0x0000000092a00000, 0x0000000092a00000|100%| O|  |TAMS 0x0000000092900000, 0x0000000092900000| Untracked 
| 298|0x0000000092a00000, 0x0000000092b00000, 0x0000000092b00000|100%| O|  |TAMS 0x0000000092a00000, 0x0000000092a00000| Untracked 
| 299|0x0000000092b00000, 0x0000000092b3fe00, 0x0000000092c00000| 24%| O|  |TAMS 0x0000000092b00000, 0x0000000092b00000| Untracked 
| 300|0x0000000092c00000, 0x0000000092c00000, 0x0000000092d00000|  0%| F|  |TAMS 0x0000000092c00000, 0x0000000092c00000| Untracked 
| 301|0x0000000092d00000, 0x0000000092d00000, 0x0000000092e00000|  0%| F|  |TAMS 0x0000000092d00000, 0x0000000092d00000| Untracked 
| 302|0x0000000092e00000, 0x0000000092e00000, 0x0000000092f00000|  0%| F|  |TAMS 0x0000000092e00000, 0x0000000092e00000| Untracked 
| 303|0x0000000092f00000, 0x0000000092f00000, 0x0000000093000000|  0%| F|  |TAMS 0x0000000092f00000, 0x0000000092f00000| Untracked 
| 304|0x0000000093000000, 0x0000000093000000, 0x0000000093100000|  0%| F|  |TAMS 0x0000000093000000, 0x0000000093000000| Untracked 
| 305|0x0000000093100000, 0x0000000093100000, 0x0000000093200000|  0%| F|  |TAMS 0x0000000093100000, 0x0000000093100000| Untracked 
| 306|0x0000000093200000, 0x0000000093200000, 0x0000000093300000|  0%| F|  |TAMS 0x0000000093200000, 0x0000000093200000| Untracked 
| 307|0x0000000093300000, 0x0000000093300000, 0x0000000093400000|  0%| F|  |TAMS 0x0000000093300000, 0x0000000093300000| Untracked 
| 308|0x0000000093400000, 0x0000000093400000, 0x0000000093500000|  0%| F|  |TAMS 0x0000000093400000, 0x0000000093400000| Untracked 
| 309|0x0000000093500000, 0x0000000093500000, 0x0000000093600000|  0%| F|  |TAMS 0x0000000093500000, 0x0000000093500000| Untracked 
| 310|0x0000000093600000, 0x0000000093600000, 0x0000000093700000|  0%| F|  |TAMS 0x0000000093600000, 0x0000000093600000| Untracked 
| 311|0x0000000093700000, 0x0000000093700000, 0x0000000093800000|  0%| F|  |TAMS 0x0000000093700000, 0x0000000093700000| Untracked 
| 312|0x0000000093800000, 0x0000000093800000, 0x0000000093900000|  0%| F|  |TAMS 0x0000000093800000, 0x0000000093800000| Untracked 
| 313|0x0000000093900000, 0x0000000093900000, 0x0000000093a00000|  0%| F|  |TAMS 0x0000000093900000, 0x0000000093900000| Untracked 
| 314|0x0000000093a00000, 0x0000000093a00000, 0x0000000093b00000|  0%| F|  |TAMS 0x0000000093a00000, 0x0000000093a00000| Untracked 
| 315|0x0000000093b00000, 0x0000000093b00000, 0x0000000093c00000|  0%| F|  |TAMS 0x0000000093b00000, 0x0000000093b00000| Untracked 
| 316|0x0000000093c00000, 0x0000000093c00000, 0x0000000093d00000|  0%| F|  |TAMS 0x0000000093c00000, 0x0000000093c00000| Untracked 
| 317|0x0000000093d00000, 0x0000000093d00000, 0x0000000093e00000|  0%| F|  |TAMS 0x0000000093d00000, 0x0000000093d00000| Untracked 
| 318|0x0000000093e00000, 0x0000000093e00000, 0x0000000093f00000|  0%| F|  |TAMS 0x0000000093e00000, 0x0000000093e00000| Untracked 
| 319|0x0000000093f00000, 0x0000000093f00000, 0x0000000094000000|  0%| F|  |TAMS 0x0000000093f00000, 0x0000000093f00000| Untracked 
| 320|0x0000000094000000, 0x0000000094000000, 0x0000000094100000|  0%| F|  |TAMS 0x0000000094000000, 0x0000000094000000| Untracked 
| 321|0x0000000094100000, 0x0000000094100000, 0x0000000094200000|  0%| F|  |TAMS 0x0000000094100000, 0x0000000094100000| Untracked 
| 322|0x0000000094200000, 0x0000000094200000, 0x0000000094300000|  0%| F|  |TAMS 0x0000000094200000, 0x0000000094200000| Untracked 
| 323|0x0000000094300000, 0x0000000094300000, 0x0000000094400000|  0%| F|  |TAMS 0x0000000094300000, 0x0000000094300000| Untracked 
| 324|0x0000000094400000, 0x0000000094400000, 0x0000000094500000|  0%| F|  |TAMS 0x0000000094400000, 0x0000000094400000| Untracked 
| 325|0x0000000094500000, 0x0000000094500000, 0x0000000094600000|  0%| F|  |TAMS 0x0000000094500000, 0x0000000094500000| Untracked 
| 326|0x0000000094600000, 0x0000000094600000, 0x0000000094700000|  0%| F|  |TAMS 0x0000000094600000, 0x0000000094600000| Untracked 
| 327|0x0000000094700000, 0x0000000094700000, 0x0000000094800000|  0%| F|  |TAMS 0x0000000094700000, 0x0000000094700000| Untracked 
| 328|0x0000000094800000, 0x0000000094800000, 0x0000000094900000|  0%| F|  |TAMS 0x0000000094800000, 0x0000000094800000| Untracked 
| 329|0x0000000094900000, 0x0000000094900000, 0x0000000094a00000|  0%| F|  |TAMS 0x0000000094900000, 0x0000000094900000| Untracked 
| 330|0x0000000094a00000, 0x0000000094a00000, 0x0000000094b00000|  0%| F|  |TAMS 0x0000000094a00000, 0x0000000094a00000| Untracked 
| 331|0x0000000094b00000, 0x0000000094b00000, 0x0000000094c00000|  0%| F|  |TAMS 0x0000000094b00000, 0x0000000094b00000| Untracked 
| 332|0x0000000094c00000, 0x0000000094c00000, 0x0000000094d00000|  0%| F|  |TAMS 0x0000000094c00000, 0x0000000094c00000| Untracked 
| 333|0x0000000094d00000, 0x0000000094d00000, 0x0000000094e00000|  0%| F|  |TAMS 0x0000000094d00000, 0x0000000094d00000| Untracked 
| 334|0x0000000094e00000, 0x0000000094e00000, 0x0000000094f00000|  0%| F|  |TAMS 0x0000000094e00000, 0x0000000094e00000| Untracked 
| 335|0x0000000094f00000, 0x0000000094f00000, 0x0000000095000000|  0%| F|  |TAMS 0x0000000094f00000, 0x0000000094f00000| Untracked 
| 336|0x0000000095000000, 0x0000000095000000, 0x0000000095100000|  0%| F|  |TAMS 0x0000000095000000, 0x0000000095000000| Untracked 
| 337|0x0000000095100000, 0x0000000095100000, 0x0000000095200000|  0%| F|  |TAMS 0x0000000095100000, 0x0000000095100000| Untracked 
| 338|0x0000000095200000, 0x0000000095200000, 0x0000000095300000|  0%| F|  |TAMS 0x0000000095200000, 0x0000000095200000| Untracked 
| 339|0x0000000095300000, 0x0000000095300000, 0x0000000095400000|  0%| F|  |TAMS 0x0000000095300000, 0x0000000095300000| Untracked 
| 340|0x0000000095400000, 0x0000000095400000, 0x0000000095500000|  0%| F|  |TAMS 0x0000000095400000, 0x0000000095400000| Untracked 
| 341|0x0000000095500000, 0x0000000095500000, 0x0000000095600000|  0%| F|  |TAMS 0x0000000095500000, 0x0000000095500000| Untracked 
| 342|0x0000000095600000, 0x0000000095700000, 0x0000000095700000|100%| S|CS|TAMS 0x0000000095600000, 0x0000000095600000| Complete 
| 343|0x0000000095700000, 0x0000000095800000, 0x0000000095800000|100%| S|CS|TAMS 0x0000000095700000, 0x0000000095700000| Complete 
| 344|0x0000000095800000, 0x0000000095900000, 0x0000000095900000|100%| S|CS|TAMS 0x0000000095800000, 0x0000000095800000| Complete 
| 345|0x0000000095900000, 0x0000000095900000, 0x0000000095a00000|  0%| F|  |TAMS 0x0000000095900000, 0x0000000095900000| Untracked 
| 346|0x0000000095a00000, 0x0000000095a00000, 0x0000000095b00000|  0%| F|  |TAMS 0x0000000095a00000, 0x0000000095a00000| Untracked 
| 347|0x0000000095b00000, 0x0000000095b00000, 0x0000000095c00000|  0%| F|  |TAMS 0x0000000095b00000, 0x0000000095b00000| Untracked 
| 348|0x0000000095c00000, 0x0000000095c00000, 0x0000000095d00000|  0%| F|  |TAMS 0x0000000095c00000, 0x0000000095c00000| Untracked 
| 349|0x0000000095d00000, 0x0000000095d47230, 0x0000000095e00000| 27%| E|  |TAMS 0x0000000095d00000, 0x0000000095d00000| Complete 
| 350|0x0000000095e00000, 0x0000000095f00000, 0x0000000095f00000|100%| E|CS|TAMS 0x0000000095e00000, 0x0000000095e00000| Complete 
| 351|0x0000000095f00000, 0x0000000096000000, 0x0000000096000000|100%| E|CS|TAMS 0x0000000095f00000, 0x0000000095f00000| Complete 
| 352|0x0000000096000000, 0x0000000096100000, 0x0000000096100000|100%| E|CS|TAMS 0x0000000096000000, 0x0000000096000000| Complete 
| 353|0x0000000096100000, 0x0000000096200000, 0x0000000096200000|100%| E|CS|TAMS 0x0000000096100000, 0x0000000096100000| Complete 
| 354|0x0000000096200000, 0x0000000096300000, 0x0000000096300000|100%| E|CS|TAMS 0x0000000096200000, 0x0000000096200000| Complete 
| 355|0x0000000096300000, 0x0000000096400000, 0x0000000096400000|100%| E|CS|TAMS 0x0000000096300000, 0x0000000096300000| Complete 
| 356|0x0000000096400000, 0x0000000096500000, 0x0000000096500000|100%| E|CS|TAMS 0x0000000096400000, 0x0000000096400000| Complete 
| 357|0x0000000096500000, 0x0000000096600000, 0x0000000096600000|100%| E|CS|TAMS 0x0000000096500000, 0x0000000096500000| Complete 
| 358|0x0000000096600000, 0x0000000096700000, 0x0000000096700000|100%| E|CS|TAMS 0x0000000096600000, 0x0000000096600000| Complete 
| 359|0x0000000096700000, 0x0000000096800000, 0x0000000096800000|100%| E|CS|TAMS 0x0000000096700000, 0x0000000096700000| Complete 
| 360|0x0000000096800000, 0x0000000096900000, 0x0000000096900000|100%| E|CS|TAMS 0x0000000096800000, 0x0000000096800000| Complete 
| 361|0x0000000096900000, 0x0000000096a00000, 0x0000000096a00000|100%| E|CS|TAMS 0x0000000096900000, 0x0000000096900000| Complete 

Card table byte_map: [0x00000209e3e90000,0x00000209e4290000] _byte_map_base: 0x00000209e3a90000

Marking Bits (Prev, Next): (CMBitMap*) 0x00000209cadc15e0, (CMBitMap*) 0x00000209cadc15a0
 Prev Bits: [0x00000209e6690000, 0x00000209e8690000)
 Next Bits: [0x00000209e4690000, 0x00000209e6690000)

Polling page: 0x00000209cac00000

Metaspace:

Usage:
  Non-class:     99.40 MB used.
      Class:     16.18 MB used.
       Both:    115.57 MB used.

Virtual space:
  Non-class space:      128.00 MB reserved,     100.38 MB ( 78%) committed,  2 nodes.
      Class space:      416.00 MB reserved,      16.94 MB (  4%) committed,  1 nodes.
             Both:      544.00 MB reserved,     117.31 MB ( 22%) committed. 

Chunk freelists:
   Non-Class:  11.64 MB
       Class:  15.00 MB
        Both:  26.64 MB

MaxMetaspaceSize: 512.00 MB
CompressedClassSpaceSize: 416.00 MB
Initial GC threshold: 21.00 MB
Current GC threshold: 176.50 MB
CDS: on
MetaspaceReclaimPolicy: balanced
 - commit_granule_bytes: 65536.
 - commit_granule_words: 8192.
 - virtual_space_node_default_size: 8388608.
 - enlarge_chunks_in_place: 1.
 - new_chunks_are_fully_committed: 0.
 - uncommit_free_chunks: 1.
 - use_allocation_guard: 0.
 - handle_deallocations: 1.


Internal statistics:

num_allocs_failed_limit: 12.
num_arena_births: 2154.
num_arena_deaths: 0.
num_vsnodes_births: 3.
num_vsnodes_deaths: 0.
num_space_committed: 1877.
num_space_uncommitted: 0.
num_chunks_returned_to_freelist: 12.
num_chunks_taken_from_freelist: 7776.
num_chunk_merges: 9.
num_chunk_splits: 4781.
num_chunks_enlarged: 2741.
num_inconsistent_stats: 0.

CodeHeap 'non-profiled nmethods': size=120000Kb used=10997Kb max_used=10997Kb free=109002Kb
 bounds [0x00000209dbb00000, 0x00000209dc5c0000, 0x00000209e3030000]
CodeHeap 'profiled nmethods': size=120000Kb used=30047Kb max_used=31044Kb free=89952Kb
 bounds [0x00000209d4030000, 0x00000209d5e90000, 0x00000209db560000]
CodeHeap 'non-nmethods': size=5760Kb used=2468Kb max_used=2563Kb free=3291Kb
 bounds [0x00000209db560000, 0x00000209db800000, 0x00000209dbb00000]
 total_blobs=15992 nmethods=14985 adapters=917
 compilation: enabled
              stopped_count=0, restarted_count=0
 full_count=0

Compilation events (20 events):
Event: 62.769 Thread 0x00000209eb1581b0 nmethod 17890 0x00000209d4429b90 code [0x00000209d4429e60, 0x00000209d442b118]
Event: 62.769 Thread 0x00000209eb1581b0 17892       3       kotlin.sequences.FlatteningSequence$iterator$1::hasNext (5 bytes)
Event: 62.769 Thread 0x00000209eb1581b0 nmethod 17892 0x00000209d5569190 code [0x00000209d5569320, 0x00000209d5569468]
Event: 62.769 Thread 0x00000209eb1581b0 17891       3       org.gradle.api.internal.artifacts.configurations.DefaultUnlockedConfiguration_Decorated::isDeprecatedForConsumption (46 bytes)
Event: 62.769 Thread 0x00000209eb1581b0 nmethod 17891 0x00000209d511c610 code [0x00000209d511c7e0, 0x00000209d511cc38]
Event: 62.770 Thread 0x00000209eb1581b0 17893       3       java.lang.StringBuilder::append (6 bytes)
Event: 62.770 Thread 0x00000209eb1581b0 nmethod 17893 0x00000209d54fe810 code [0x00000209d54fe9c0, 0x00000209d54feb68]
Event: 62.770 Thread 0x00000209eb1581b0 17894       3       org.gradle.api.internal.DefaultDomainObjectSet::matching (10 bytes)
Event: 62.770 Thread 0x00000209eb1581b0 nmethod 17894 0x00000209d4a6b690 code [0x00000209d4a6b840, 0x00000209d4a6bad8]
Event: 62.770 Thread 0x00000209eb1581b0 17895       3       org.gradle.api.internal.CompositeDomainObjectSet$DomainObjectCompositeCollection::iteratorNoFlush (5 bytes)
Event: 62.770 Thread 0x00000209eb1581b0 nmethod 17895 0x00000209d5619a10 code [0x00000209d5619ba0, 0x00000209d5619ce8]
Event: 62.770 Thread 0x00000209eb1581b0 17896       3       org.jetbrains.kotlin.gradle.internal.KotlinDependenciesManagementKt::allNonProjectDependencies (24 bytes)
Event: 62.771 Thread 0x00000209eb1581b0 nmethod 17896 0x00000209d4a0ab10 code [0x00000209d4a0ad40, 0x00000209d4a0b578]
Event: 62.771 Thread 0x00000209eb1581b0 17897       3       org.gradle.internal.component.local.model.DefaultLocalComponentGraphResolveState$DefaultLocalConfigurationGraphResolveState::getAttributes (10 bytes)
Event: 62.771 Thread 0x00000209eb1581b0 nmethod 17897 0x00000209d4acab10 code [0x00000209d4acaca0, 0x00000209d4acae18]
Event: 62.771 Thread 0x00000209eb1581b0 17898       3       org.gradle.internal.component.local.model.DefaultLocalComponentGraphResolveState$DefaultLocalConfigurationGraphResolveState::getAttributes (5 bytes)
Event: 62.771 Thread 0x00000209eb1581b0 nmethod 17898 0x00000209d4b2bb10 code [0x00000209d4b2bcc0, 0x00000209d4b2beb8]
Event: 62.772 Thread 0x00000209eb1581b0 17899       3       org.gradle.api.internal.DelegatingDomainObjectSet::all (11 bytes)
Event: 62.772 Thread 0x00000209eb1581b0 nmethod 17899 0x00000209d4bd7e90 code [0x00000209d4bd8040, 0x00000209d4bd8208]
Event: 62.772 Thread 0x00000209eb1581b0 17900       3       org.gradle.api.internal.CompositeDomainObjectSet::all (47 bytes)

GC Heap History (20 events):
Event: 59.026 GC heap before
{Heap before GC invocations=68 (full 0):
 garbage-first heap   total 370688K, used 301056K [0x0000000080000000, 0x0000000100000000)
  region size 1024K, 65 young (66560K), 9 survivors (9216K)
 Metaspace       used 113772K, committed 115520K, reserved 557056K
  class space    used 15976K, committed 16768K, reserved 425984K
}
Event: 59.037 GC heap after
{Heap after GC invocations=69 (full 0):
 garbage-first heap   total 370688K, used 251340K [0x0000000080000000, 0x0000000100000000)
  region size 1024K, 7 young (7168K), 7 survivors (7168K)
 Metaspace       used 113772K, committed 115520K, reserved 557056K
  class space    used 15976K, committed 16768K, reserved 425984K
}
Event: 59.660 GC heap before
{Heap before GC invocations=69 (full 0):
 garbage-first heap   total 370688K, used 304588K [0x0000000080000000, 0x0000000100000000)
  region size 1024K, 59 young (60416K), 7 survivors (7168K)
 Metaspace       used 115082K, committed 116736K, reserved 557056K
  class space    used 16154K, committed 16896K, reserved 425984K
}
Event: 59.670 GC heap after
{Heap after GC invocations=70 (full 0):
 garbage-first heap   total 370688K, used 259070K [0x0000000080000000, 0x0000000100000000)
  region size 1024K, 8 young (8192K), 8 survivors (8192K)
 Metaspace       used 115082K, committed 116736K, reserved 557056K
  class space    used 16154K, committed 16896K, reserved 425984K
}
Event: 60.232 GC heap before
{Heap before GC invocations=70 (full 0):
 garbage-first heap   total 370688K, used 308222K [0x0000000080000000, 0x0000000100000000)
  region size 1024K, 56 young (57344K), 8 survivors (8192K)
 Metaspace       used 116014K, committed 117696K, reserved 557056K
  class space    used 16265K, committed 17024K, reserved 425984K
}
Event: 60.244 GC heap after
{Heap after GC invocations=71 (full 0):
 garbage-first heap   total 370688K, used 265560K [0x0000000080000000, 0x0000000100000000)
  region size 1024K, 7 young (7168K), 7 survivors (7168K)
 Metaspace       used 116014K, committed 117696K, reserved 557056K
  class space    used 16265K, committed 17024K, reserved 425984K
}
Event: 60.843 GC heap before
{Heap before GC invocations=71 (full 0):
 garbage-first heap   total 370688K, used 311640K [0x0000000080000000, 0x0000000100000000)
  region size 1024K, 52 young (53248K), 7 survivors (7168K)
 Metaspace       used 116275K, committed 118016K, reserved 557056K
  class space    used 16299K, committed 17088K, reserved 425984K
}
Event: 60.853 GC heap after
{Heap after GC invocations=72 (full 0):
 garbage-first heap   total 370688K, used 274247K [0x0000000080000000, 0x0000000100000000)
  region size 1024K, 7 young (7168K), 7 survivors (7168K)
 Metaspace       used 116275K, committed 118016K, reserved 557056K
  class space    used 16299K, committed 17088K, reserved 425984K
}
Event: 61.402 GC heap before
{Heap before GC invocations=72 (full 0):
 garbage-first heap   total 370688K, used 315207K [0x0000000080000000, 0x0000000100000000)
  region size 1024K, 45 young (46080K), 7 survivors (7168K)
 Metaspace       used 116895K, committed 118720K, reserved 557056K
  class space    used 16392K, committed 17216K, reserved 425984K
}
Event: 61.410 GC heap after
{Heap after GC invocations=73 (full 0):
 garbage-first heap   total 370688K, used 285322K [0x0000000080000000, 0x0000000100000000)
  region size 1024K, 6 young (6144K), 6 survivors (6144K)
 Metaspace       used 116895K, committed 118720K, reserved 557056K
  class space    used 16392K, committed 17216K, reserved 425984K
}
Event: 61.737 GC heap before
{Heap before GC invocations=73 (full 0):
 garbage-first heap   total 370688K, used 316042K [0x0000000080000000, 0x0000000100000000)
  region size 1024K, 36 young (36864K), 6 survivors (6144K)
 Metaspace       used 117329K, committed 119104K, reserved 557056K
  class space    used 16445K, committed 17216K, reserved 425984K
}
Event: 61.743 GC heap after
{Heap after GC invocations=74 (full 0):
 garbage-first heap   total 370688K, used 289802K [0x0000000080000000, 0x0000000100000000)
  region size 1024K, 5 young (5120K), 5 survivors (5120K)
 Metaspace       used 117329K, committed 119104K, reserved 557056K
  class space    used 16445K, committed 17216K, reserved 425984K
}
Event: 61.962 GC heap before
{Heap before GC invocations=74 (full 0):
 garbage-first heap   total 370688K, used 317450K [0x0000000080000000, 0x0000000100000000)
  region size 1024K, 32 young (32768K), 5 survivors (5120K)
 Metaspace       used 117495K, committed 119296K, reserved 557056K
  class space    used 16469K, committed 17280K, reserved 425984K
}
Event: 61.972 GC heap after
{Heap after GC invocations=75 (full 0):
 garbage-first heap   total 370688K, used 294369K [0x0000000080000000, 0x0000000100000000)
  region size 1024K, 4 young (4096K), 4 survivors (4096K)
 Metaspace       used 117495K, committed 119296K, reserved 557056K
  class space    used 16469K, committed 17280K, reserved 425984K
}
Event: 62.252 GC heap before
{Heap before GC invocations=75 (full 0):
 garbage-first heap   total 370688K, used 318945K [0x0000000080000000, 0x0000000100000000)
  region size 1024K, 29 young (29696K), 4 survivors (4096K)
 Metaspace       used 117646K, committed 119488K, reserved 557056K
  class space    used 16490K, committed 17280K, reserved 425984K
}
Event: 62.258 GC heap after
{Heap after GC invocations=76 (full 0):
 garbage-first heap   total 370688K, used 300711K [0x0000000080000000, 0x0000000100000000)
  region size 1024K, 4 young (4096K), 4 survivors (4096K)
 Metaspace       used 117646K, committed 119488K, reserved 557056K
  class space    used 16490K, committed 17280K, reserved 425984K
}
Event: 62.432 GC heap before
{Heap before GC invocations=76 (full 0):
 garbage-first heap   total 370688K, used 321191K [0x0000000080000000, 0x0000000100000000)
  region size 1024K, 24 young (24576K), 4 survivors (4096K)
 Metaspace       used 117847K, committed 119680K, reserved 557056K
  class space    used 16514K, committed 17344K, reserved 425984K
}
Event: 62.437 GC heap after
{Heap after GC invocations=77 (full 0):
 garbage-first heap   total 370688K, used 304951K [0x0000000080000000, 0x0000000100000000)
  region size 1024K, 3 young (3072K), 3 survivors (3072K)
 Metaspace       used 117847K, committed 119680K, reserved 557056K
  class space    used 16514K, committed 17344K, reserved 425984K
}
Event: 62.617 GC heap before
{Heap before GC invocations=77 (full 0):
 garbage-first heap   total 370688K, used 322359K [0x0000000080000000, 0x0000000100000000)
  region size 1024K, 20 young (20480K), 3 survivors (3072K)
 Metaspace       used 118036K, committed 119872K, reserved 557056K
  class space    used 16538K, committed 17344K, reserved 425984K
}
Event: 62.624 GC heap after
{Heap after GC invocations=78 (full 0):
 garbage-first heap   total 370688K, used 309503K [0x0000000080000000, 0x0000000100000000)
  region size 1024K, 3 young (3072K), 3 survivors (3072K)
 Metaspace       used 118036K, committed 119872K, reserved 557056K
  class space    used 16538K, committed 17344K, reserved 425984K
}

Dll operation events (14 events):
Event: 0.010 Loaded shared library C:\Program Files\Microsoft\jdk-17.0.8.7-hotspot\bin\java.dll
Event: 0.025 Loaded shared library C:\Program Files\Microsoft\jdk-17.0.8.7-hotspot\bin\jsvml.dll
Event: 0.067 Loaded shared library C:\Program Files\Microsoft\jdk-17.0.8.7-hotspot\bin\zip.dll
Event: 0.070 Loaded shared library C:\Program Files\Microsoft\jdk-17.0.8.7-hotspot\bin\instrument.dll
Event: 0.074 Loaded shared library C:\Program Files\Microsoft\jdk-17.0.8.7-hotspot\bin\net.dll
Event: 0.075 Loaded shared library C:\Program Files\Microsoft\jdk-17.0.8.7-hotspot\bin\nio.dll
Event: 0.078 Loaded shared library C:\Program Files\Microsoft\jdk-17.0.8.7-hotspot\bin\zip.dll
Event: 0.265 Loaded shared library C:\Program Files\Microsoft\jdk-17.0.8.7-hotspot\bin\jimage.dll
Event: 0.335 Loaded shared library C:\Program Files\Microsoft\jdk-17.0.8.7-hotspot\bin\verify.dll
Event: 0.521 Loaded shared library C:\Users\Franc\.gradle\native\c067742578af261105cb4f569cf0c3c89f3d7b1fecec35dd04571415982c5e48\windows-amd64\native-platform.dll
Event: 0.545 Loaded shared library C:\Users\Franc\.gradle\native\38dada09dfb8b06ba9b0570ebf7e218e3eb74d4ef43ca46872605cf95ebc2f47\windows-amd64\native-platform-file-events.dll
Event: 2.035 Loaded shared library C:\Program Files\Microsoft\jdk-17.0.8.7-hotspot\bin\management.dll
Event: 2.037 Loaded shared library C:\Program Files\Microsoft\jdk-17.0.8.7-hotspot\bin\management_ext.dll
Event: 2.503 Loaded shared library C:\Program Files\Microsoft\jdk-17.0.8.7-hotspot\bin\sunmscapi.dll

Deoptimization events (20 events):
Event: 62.653 Thread 0x00000209f1929640 Uncommon trap: trap_request=0xffffffc6 fr.pc=0x00000209dc55e10c relative=0x0000000000000b8c
Event: 62.653 Thread 0x00000209f1929640 Uncommon trap: reason=bimorphic_or_optimized_type_check action=maybe_recompile pc=0x00000209dc55e10c method=org.gradle.internal.component.model.DefaultAttributeMatcher$CachedQuery.from(Lorg/gradle/api/internal/attributes/ImmutableAttributes;Ljava/util/Lis
Event: 62.653 Thread 0x00000209f1929640 DEOPT PACKING pc=0x00000209dc55e10c sp=0x0000002d00ff7e10
Event: 62.653 Thread 0x00000209f1929640 DEOPT UNPACKING pc=0x00000209db5b69a3 sp=0x0000002d00ff7dd0 mode 2
Event: 62.655 Thread 0x00000209f1929640 Uncommon trap: trap_request=0xffffffc6 fr.pc=0x00000209dc55e10c relative=0x0000000000000b8c
Event: 62.655 Thread 0x00000209f1929640 Uncommon trap: reason=bimorphic_or_optimized_type_check action=maybe_recompile pc=0x00000209dc55e10c method=org.gradle.internal.component.model.DefaultAttributeMatcher$CachedQuery.from(Lorg/gradle/api/internal/attributes/ImmutableAttributes;Ljava/util/Lis
Event: 62.655 Thread 0x00000209f1929640 DEOPT PACKING pc=0x00000209dc55e10c sp=0x0000002d00ff7e10
Event: 62.655 Thread 0x00000209f1929640 DEOPT UNPACKING pc=0x00000209db5b69a3 sp=0x0000002d00ff7dd0 mode 2
Event: 62.747 Thread 0x00000209f1929640 Uncommon trap: trap_request=0xffffff45 fr.pc=0x00000209dc55f238 relative=0x0000000000000118
Event: 62.747 Thread 0x00000209f1929640 Uncommon trap: reason=unstable_if action=reinterpret pc=0x00000209dc55f238 method=java.time.Duration.create(JI)Ljava/time/Duration; @ 6 c2
Event: 62.747 Thread 0x00000209f1929640 DEOPT PACKING pc=0x00000209dc55f238 sp=0x0000002d00ff73a0
Event: 62.747 Thread 0x00000209f1929640 DEOPT UNPACKING pc=0x00000209db5b69a3 sp=0x0000002d00ff72a8 mode 2
Event: 62.747 Thread 0x00000209f1929640 Uncommon trap: trap_request=0xffffff45 fr.pc=0x00000209dc55d1e4 relative=0x00000000000000c4
Event: 62.747 Thread 0x00000209f1929640 Uncommon trap: reason=unstable_if action=reinterpret pc=0x00000209dc55d1e4 method=java.time.Duration.create(JI)Ljava/time/Duration; @ 6 c2
Event: 62.747 Thread 0x00000209f1929640 DEOPT PACKING pc=0x00000209dc55d1e4 sp=0x0000002d00ff72f0
Event: 62.747 Thread 0x00000209f1929640 DEOPT UNPACKING pc=0x00000209db5b69a3 sp=0x0000002d00ff7290 mode 2
Event: 62.748 Thread 0x00000209f1929640 Uncommon trap: trap_request=0xffffff45 fr.pc=0x00000209dc56c78c relative=0x00000000000007cc
Event: 62.748 Thread 0x00000209f1929640 Uncommon trap: reason=unstable_if action=reinterpret pc=0x00000209dc56c78c method=org.gradle.internal.resolve.result.DefaultBuildableComponentResolveResult.hasResult()Z @ 4 c2
Event: 62.748 Thread 0x00000209f1929640 DEOPT PACKING pc=0x00000209dc56c78c sp=0x0000002d00ff8320
Event: 62.748 Thread 0x00000209f1929640 DEOPT UNPACKING pc=0x00000209db5b69a3 sp=0x0000002d00ff8120 mode 2

Classes unloaded (0 events):
No events

Classes redefined (0 events):
No events

Internal exceptions (20 events):
Event: 62.474 Thread 0x00000209f1929640 Exception <a 'java/lang/ClassNotFoundException'{0x00000000966178b0}: build_2zw9dy43eosppotjd51svklhd$_run_closure1BeanInfo> (0x00000000966178b0) 
thrown [s\src\hotspot\share\classfile\systemDictionary.cpp, line 256]
Event: 62.475 Thread 0x00000209f1929640 Exception <a 'java/lang/ClassNotFoundException'{0x000000009662de78}: build_2zw9dy43eosppotjd51svklhd$_run_closure1Customizer> (0x000000009662de78) 
thrown [s\src\hotspot\share\classfile\systemDictionary.cpp, line 256]
Event: 62.478 Thread 0x00000209f1929640 Exception <a 'java/lang/ClassNotFoundException'{0x000000009668b738}: build_2zw9dy43eosppotjd51svklhd$_run_closure1$_closure4BeanInfo> (0x000000009668b738) 
thrown [s\src\hotspot\share\classfile\systemDictionary.cpp, line 256]
Event: 62.479 Thread 0x00000209f1929640 Exception <a 'java/lang/ClassNotFoundException'{0x00000000966a32c0}: build_2zw9dy43eosppotjd51svklhd$_run_closure1$_closure4Customizer> (0x00000000966a32c0) 
thrown [s\src\hotspot\share\classfile\systemDictionary.cpp, line 256]
Event: 62.488 Thread 0x00000209f1929640 Exception <a 'java/lang/ClassNotFoundException'{0x0000000096428668}: org/gradle/api/internal/file/collections/DefaultConfigurableFileTreeBeanInfo> (0x0000000096428668) 
thrown [s\src\hotspot\share\classfile\systemDictionary.cpp, line 256]
Event: 62.489 Thread 0x00000209f1929640 Exception <a 'java/lang/ClassNotFoundException'{0x00000000964543c0}: org/gradle/api/internal/file/CompositeFileTreeBeanInfo> (0x00000000964543c0) 
thrown [s\src\hotspot\share\classfile\systemDictionary.cpp, line 256]
Event: 62.491 Thread 0x00000209f1929640 Exception <a 'java/lang/ClassNotFoundException'{0x0000000096480070}: org/gradle/api/internal/file/CompositeFileCollectionBeanInfo> (0x0000000096480070) 
thrown [s\src\hotspot\share\classfile\systemDictionary.cpp, line 256]
Event: 62.492 Thread 0x00000209f1929640 Exception <a 'java/lang/ClassNotFoundException'{0x00000000964ac308}: org/gradle/api/internal/file/AbstractFileCollectionBeanInfo> (0x00000000964ac308) 
thrown [s\src\hotspot\share\classfile\systemDictionary.cpp, line 256]
Event: 62.493 Thread 0x00000209f1929640 Exception <a 'java/lang/ClassNotFoundException'{0x00000000964d8238}: org/gradle/api/internal/file/AbstractFileCollectionCustomizer> (0x00000000964d8238) 
thrown [s\src\hotspot\share\classfile\systemDictionary.cpp, line 256]
Event: 62.494 Thread 0x00000209f1929640 Exception <a 'java/lang/ClassNotFoundException'{0x0000000096315e90}: org/gradle/api/internal/file/CompositeFileCollectionCustomizer> (0x0000000096315e90) 
thrown [s\src\hotspot\share\classfile\systemDictionary.cpp, line 256]
Event: 62.496 Thread 0x00000209f1929640 Exception <a 'java/lang/ClassNotFoundException'{0x000000009634a270}: org/gradle/api/internal/file/CompositeFileTreeCustomizer> (0x000000009634a270) 
thrown [s\src\hotspot\share\classfile\systemDictionary.cpp, line 256]
Event: 62.498 Thread 0x00000209f1929640 Exception <a 'java/lang/ClassNotFoundException'{0x00000000963818c8}: org/gradle/api/internal/file/collections/DefaultConfigurableFileTreeCustomizer> (0x00000000963818c8) 
thrown [s\src\hotspot\share\classfile\systemDictionary.cpp, line 256]
Event: 62.540 Thread 0x00000209f1929640 Exception <a 'java/lang/ClassNotFoundException'{0x00000000960d2a68}: build_1hx6rjhsblc39syhaaco4e1vvBeanInfo> (0x00000000960d2a68) 
thrown [s\src\hotspot\share\classfile\systemDictionary.cpp, line 256]
Event: 62.541 Thread 0x00000209f1929640 Exception <a 'java/lang/ClassNotFoundException'{0x00000000960e0b50}: build_1hx6rjhsblc39syhaaco4e1vvCustomizer> (0x00000000960e0b50) 
thrown [s\src\hotspot\share\classfile\systemDictionary.cpp, line 256]
Event: 62.556 Thread 0x00000209f1929640 Exception <a 'java/lang/ClassNotFoundException'{0x0000000095fd7be8}: build_1hx6rjhsblc39syhaaco4e1vvBeanInfo> (0x0000000095fd7be8) 
thrown [s\src\hotspot\share\classfile\systemDictionary.cpp, line 256]
Event: 62.556 Thread 0x00000209f1929640 Exception <a 'java/lang/ClassNotFoundException'{0x0000000095fe5c70}: build_1hx6rjhsblc39syhaaco4e1vvCustomizer> (0x0000000095fe5c70) 
thrown [s\src\hotspot\share\classfile\systemDictionary.cpp, line 256]
Event: 62.575 Thread 0x00000209f1929640 Exception <a 'java/lang/ClassNotFoundException'{0x0000000095d8f518}: build_1hx6rjhsblc39syhaaco4e1vv$_run_closure1BeanInfo> (0x0000000095d8f518) 
thrown [s\src\hotspot\share\classfile\systemDictionary.cpp, line 256]
Event: 62.576 Thread 0x00000209f1929640 Exception <a 'java/lang/ClassNotFoundException'{0x0000000095da5db8}: build_1hx6rjhsblc39syhaaco4e1vv$_run_closure1Customizer> (0x0000000095da5db8) 
thrown [s\src\hotspot\share\classfile\systemDictionary.cpp, line 256]
Event: 62.605 Thread 0x00000209f1929640 Exception <a 'java/lang/ClassNotFoundException'{0x0000000095910d28}: java/util/HashSetBeanInfo> (0x0000000095910d28) 
thrown [s\src\hotspot\share\classfile\systemDictionary.cpp, line 256]
Event: 62.605 Thread 0x00000209f1929640 Exception <a 'java/lang/ClassNotFoundException'{0x000000009591a838}: java/util/HashSetCustomizer> (0x000000009591a838) 
thrown [s\src\hotspot\share\classfile\systemDictionary.cpp, line 256]

VM Operations (20 events):
Event: 61.398 Executing VM operation: HandshakeAllThreads
Event: 61.398 Executing VM operation: HandshakeAllThreads done
Event: 61.402 Executing VM operation: G1CollectForAllocation
Event: 61.410 Executing VM operation: G1CollectForAllocation done
Event: 61.443 Executing VM operation: HandshakeAllThreads
Event: 61.443 Executing VM operation: HandshakeAllThreads done
Event: 61.463 Executing VM operation: ICBufferFull
Event: 61.463 Executing VM operation: ICBufferFull done
Event: 61.737 Executing VM operation: G1CollectForAllocation
Event: 61.743 Executing VM operation: G1CollectForAllocation done
Event: 61.835 Executing VM operation: HandshakeAllThreads
Event: 61.835 Executing VM operation: HandshakeAllThreads done
Event: 61.962 Executing VM operation: G1CollectForAllocation
Event: 61.972 Executing VM operation: G1CollectForAllocation done
Event: 62.252 Executing VM operation: G1CollectForAllocation
Event: 62.258 Executing VM operation: G1CollectForAllocation done
Event: 62.432 Executing VM operation: G1CollectForAllocation
Event: 62.437 Executing VM operation: G1CollectForAllocation done
Event: 62.617 Executing VM operation: G1CollectForAllocation
Event: 62.624 Executing VM operation: G1CollectForAllocation done

Events (20 events):
Event: 61.857 Thread 0x00000209eb15aad0 flushing nmethod 0x00000209d5b9ba90
Event: 61.857 Thread 0x00000209eb15aad0 flushing nmethod 0x00000209d5ba1390
Event: 61.857 Thread 0x00000209eb15aad0 flushing nmethod 0x00000209d5bb1190
Event: 61.857 Thread 0x00000209eb15aad0 flushing nmethod 0x00000209d5bbeb90
Event: 61.857 Thread 0x00000209eb15aad0 flushing nmethod 0x00000209d5bc3a90
Event: 61.858 Thread 0x00000209eb15aad0 flushing nmethod 0x00000209d5d1cf90
Event: 61.858 Thread 0x00000209eb15aad0 flushing nmethod 0x00000209d5d69090
Event: 61.858 Thread 0x00000209eb15aad0 flushing nmethod 0x00000209d5d78910
Event: 62.605 loading class java/util/HashSetBeanInfo
Event: 62.605 loading class java/util/HashSetBeanInfo done
Event: 62.605 loading class java/util/HashSetBeanInfo
Event: 62.605 loading class java/util/HashSetBeanInfo done
Event: 62.605 loading class java/util/HashSetCustomizer
Event: 62.605 loading class java/util/HashSetCustomizer done
Event: 62.605 loading class java/util/HashSetCustomizer
Event: 62.605 loading class java/util/HashSetCustomizer done
Event: 62.691 loading class java/io/CharArrayWriter
Event: 62.692 loading class java/io/CharArrayWriter done
Event: 62.697 loading class java/io/SequenceInputStream
Event: 62.697 loading class java/io/SequenceInputStream done


Dynamic libraries:
0x00007ff6b7220000 - 0x00007ff6b722e000 	C:\Program Files\Microsoft\jdk-17.0.8.7-hotspot\bin\java.exe
0x00007ff942e50000 - 0x00007ff943048000 	C:\Windows\SYSTEM32\ntdll.dll
0x00007ff941040000 - 0x00007ff9410fd000 	C:\Windows\System32\KERNEL32.DLL
0x00007ff940670000 - 0x00007ff940966000 	C:\Windows\System32\KERNELBASE.dll
0x00007ff940970000 - 0x00007ff940a70000 	C:\Windows\System32\ucrtbase.dll
0x00007ff93b6b0000 - 0x00007ff93b6c7000 	C:\Program Files\Microsoft\jdk-17.0.8.7-hotspot\bin\jli.dll
0x00007ff938b80000 - 0x00007ff938b9b000 	C:\Program Files\Microsoft\jdk-17.0.8.7-hotspot\bin\VCRUNTIME140.dll
0x00007ff9427d0000 - 0x00007ff94296f000 	C:\Windows\System32\USER32.dll
0x00007ff9405d0000 - 0x00007ff9405f2000 	C:\Windows\System32\win32u.dll
0x00007ff920770000 - 0x00007ff920a0a000 	C:\Windows\WinSxS\amd64_microsoft.windows.common-controls_6595b64144ccf1df_6.0.19041.4355_none_60b8b9eb71f62e16\COMCTL32.dll
0x00007ff9411f0000 - 0x00007ff94121b000 	C:\Windows\System32\GDI32.dll
0x00007ff941f00000 - 0x00007ff941f9e000 	C:\Windows\System32\msvcrt.dll
0x00007ff940d20000 - 0x00007ff940e37000 	C:\Windows\System32\gdi32full.dll
0x00007ff940a70000 - 0x00007ff940b0d000 	C:\Windows\System32\msvcp_win.dll
0x00007ff941100000 - 0x00007ff94112f000 	C:\Windows\System32\IMM32.DLL
0x00007ff93b760000 - 0x00007ff93b76c000 	C:\Program Files\Microsoft\jdk-17.0.8.7-hotspot\bin\vcruntime140_1.dll
0x00007ff925f80000 - 0x00007ff92600d000 	C:\Program Files\Microsoft\jdk-17.0.8.7-hotspot\bin\msvcp140.dll
0x00007ff8f6c20000 - 0x00007ff8f7885000 	C:\Program Files\Microsoft\jdk-17.0.8.7-hotspot\bin\server\jvm.dll
0x00007ff941b40000 - 0x00007ff941bf0000 	C:\Windows\System32\ADVAPI32.dll
0x00007ff942730000 - 0x00007ff9427d0000 	C:\Windows\System32\sechost.dll
0x00007ff942600000 - 0x00007ff942723000 	C:\Windows\System32\RPCRT4.dll
0x00007ff9405a0000 - 0x00007ff9405c7000 	C:\Windows\System32\bcrypt.dll
0x00007ff93fa90000 - 0x00007ff93fadb000 	C:\Windows\SYSTEM32\POWRPROF.dll
0x00007ff937a70000 - 0x00007ff937a79000 	C:\Windows\SYSTEM32\WSOCK32.dll
0x00007ff927f20000 - 0x00007ff927f47000 	C:\Windows\SYSTEM32\WINMM.dll
0x00007ff93ca30000 - 0x00007ff93ca3a000 	C:\Windows\SYSTEM32\VERSION.dll
0x00007ff941ce0000 - 0x00007ff941d4b000 	C:\Windows\System32\WS2_32.dll
0x00007ff93f900000 - 0x00007ff93f912000 	C:\Windows\SYSTEM32\UMPDC.dll
0x00007ff93ed20000 - 0x00007ff93ed32000 	C:\Windows\SYSTEM32\kernel.appcore.dll
0x00007ff937a60000 - 0x00007ff937a6a000 	C:\Program Files\Microsoft\jdk-17.0.8.7-hotspot\bin\jimage.dll
0x00007ff93e140000 - 0x00007ff93e324000 	C:\Windows\SYSTEM32\DBGHELP.DLL
0x00007ff938ee0000 - 0x00007ff938f14000 	C:\Windows\SYSTEM32\dbgcore.DLL
0x00007ff940510000 - 0x00007ff940592000 	C:\Windows\System32\bcryptPrimitives.dll
0x00007ff92a860000 - 0x00007ff92a86e000 	C:\Program Files\Microsoft\jdk-17.0.8.7-hotspot\bin\instrument.dll
0x00007ff925f50000 - 0x00007ff925f75000 	C:\Program Files\Microsoft\jdk-17.0.8.7-hotspot\bin\java.dll
0x00007ff8f8f40000 - 0x00007ff8f9017000 	C:\Program Files\Microsoft\jdk-17.0.8.7-hotspot\bin\jsvml.dll
0x00007ff941370000 - 0x00007ff941adc000 	C:\Windows\System32\SHELL32.dll
0x00007ff93e570000 - 0x00007ff93ed0d000 	C:\Windows\SYSTEM32\windows.storage.dll
0x00007ff942ab0000 - 0x00007ff942e03000 	C:\Windows\System32\combase.dll
0x00007ff93ff30000 - 0x00007ff93ff5e000 	C:\Windows\SYSTEM32\Wldp.dll
0x00007ff942410000 - 0x00007ff9424dd000 	C:\Windows\System32\OLEAUT32.dll
0x00007ff941240000 - 0x00007ff9412ed000 	C:\Windows\System32\SHCORE.dll
0x00007ff941ea0000 - 0x00007ff941ef5000 	C:\Windows\System32\shlwapi.dll
0x00007ff940440000 - 0x00007ff940464000 	C:\Windows\SYSTEM32\profapi.dll
0x00007ff924fe0000 - 0x00007ff924ff8000 	C:\Program Files\Microsoft\jdk-17.0.8.7-hotspot\bin\zip.dll
0x00007ff925f30000 - 0x00007ff925f49000 	C:\Program Files\Microsoft\jdk-17.0.8.7-hotspot\bin\net.dll
0x00007ff939650000 - 0x00007ff93975a000 	C:\Windows\SYSTEM32\WINHTTP.dll
0x00007ff93fc90000 - 0x00007ff93fcfa000 	C:\Windows\system32\mswsock.dll
0x00007ff925f10000 - 0x00007ff925f26000 	C:\Program Files\Microsoft\jdk-17.0.8.7-hotspot\bin\nio.dll
0x00007ff93b790000 - 0x00007ff93b7a0000 	C:\Program Files\Microsoft\jdk-17.0.8.7-hotspot\bin\verify.dll
0x00007ff911e80000 - 0x00007ff911ea7000 	C:\Users\Franc\.gradle\native\c067742578af261105cb4f569cf0c3c89f3d7b1fecec35dd04571415982c5e48\windows-amd64\native-platform.dll
0x00007ff8f6ad0000 - 0x00007ff8f6c14000 	C:\Users\Franc\.gradle\native\38dada09dfb8b06ba9b0570ebf7e218e3eb74d4ef43ca46872605cf95ebc2f47\windows-amd64\native-platform-file-events.dll
0x00007ff93a8e0000 - 0x00007ff93a8e9000 	C:\Program Files\Microsoft\jdk-17.0.8.7-hotspot\bin\management.dll
0x00007ff93a8d0000 - 0x00007ff93a8db000 	C:\Program Files\Microsoft\jdk-17.0.8.7-hotspot\bin\management_ext.dll
0x00007ff941230000 - 0x00007ff941238000 	C:\Windows\System32\PSAPI.DLL
0x00007ff93fe80000 - 0x00007ff93fe98000 	C:\Windows\SYSTEM32\CRYPTSP.dll
0x00007ff93f540000 - 0x00007ff93f574000 	C:\Windows\system32\rsaenh.dll
0x00007ff9403b0000 - 0x00007ff9403de000 	C:\Windows\SYSTEM32\USERENV.dll
0x00007ff93fea0000 - 0x00007ff93feac000 	C:\Windows\SYSTEM32\CRYPTBASE.dll
0x00007ff93f920000 - 0x00007ff93f95b000 	C:\Windows\SYSTEM32\IPHLPAPI.DLL
0x00007ff941130000 - 0x00007ff941138000 	C:\Windows\System32\NSI.dll
0x00007ff93bd90000 - 0x00007ff93bda7000 	C:\Windows\SYSTEM32\dhcpcsvc6.DLL
0x00007ff93b800000 - 0x00007ff93b81d000 	C:\Windows\SYSTEM32\dhcpcsvc.DLL
0x00007ff93f970000 - 0x00007ff93fa3a000 	C:\Windows\SYSTEM32\DNSAPI.dll
0x00007ff93d7b0000 - 0x00007ff93d7be000 	C:\Program Files\Microsoft\jdk-17.0.8.7-hotspot\bin\sunmscapi.dll
0x00007ff940bc0000 - 0x00007ff940d1e000 	C:\Windows\System32\CRYPT32.dll
0x00007ff93ffa0000 - 0x00007ff93ffc9000 	C:\Windows\SYSTEM32\ncrypt.dll
0x00007ff93ff60000 - 0x00007ff93ff9b000 	C:\Windows\SYSTEM32\NTASN1.dll
0x00007ff937960000 - 0x00007ff937967000 	C:\Windows\system32\wshunix.dll
0x00007ff937ad0000 - 0x00007ff937ada000 	C:\Windows\System32\rasadhlp.dll
0x00007ff937380000 - 0x00007ff937400000 	C:\Windows\System32\fwpuclnt.dll
0x00007ff921950000 - 0x00007ff921967000 	C:\Windows\system32\napinsp.dll
0x00007ff91fe70000 - 0x00007ff91fe8b000 	C:\Windows\system32\pnrpnsp.dll
0x00007ff91fe50000 - 0x00007ff91fe65000 	C:\Windows\system32\wshbth.dll
0x00007ff93afc0000 - 0x00007ff93afdd000 	C:\Windows\system32\NLAapi.dll
0x00007ff91fe30000 - 0x00007ff91fe42000 	C:\Windows\System32\winrnr.dll

dbghelp: loaded successfully - version: 4.0.5 - missing functions: none
symbol engine: initialized successfully - sym options: 0x614 - pdb path: .;C:\Program Files\Microsoft\jdk-17.0.8.7-hotspot\bin;C:\Windows\SYSTEM32;C:\Windows\WinSxS\amd64_microsoft.windows.common-controls_6595b64144ccf1df_6.0.19041.4355_none_60b8b9eb71f62e16;C:\Program Files\Microsoft\jdk-17.0.8.7-hotspot\bin\server;C:\Users\Franc\.gradle\native\c067742578af261105cb4f569cf0c3c89f3d7b1fecec35dd04571415982c5e48\windows-amd64;C:\Users\Franc\.gradle\native\38dada09dfb8b06ba9b0570ebf7e218e3eb74d4ef43ca46872605cf95ebc2f47\windows-amd64

VM Arguments:
jvm_args: -XX:MaxMetaspaceSize=512m --add-opens=java.base/java.util=ALL-UNNAMED --add-opens=java.base/java.lang=ALL-UNNAMED --add-opens=java.base/java.lang.invoke=ALL-UNNAMED --add-opens=java.prefs/java.util.prefs=ALL-UNNAMED --add-opens=java.base/java.nio.charset=ALL-UNNAMED --add-opens=java.base/java.net=ALL-UNNAMED --add-opens=java.base/java.util.concurrent.atomic=ALL-UNNAMED -Xmx2048m -Dfile.encoding=windows-1252 -Duser.country=BR -Duser.language=pt -Duser.variant -javaagent:C:\Users\Franc\.gradle\wrapper\dists\gradle-8.6-all\3mbtmo166bl6vumsh5k2lkq5h\gradle-8.6\lib\agents\gradle-instrumentation-agent-8.6.jar 
java_command: org.gradle.launcher.daemon.bootstrap.GradleDaemon 8.6
java_class_path (initial): C:\Users\Franc\.gradle\wrapper\dists\gradle-8.6-all\3mbtmo166bl6vumsh5k2lkq5h\gradle-8.6\lib\gradle-launcher-8.6.jar
Launcher Type: SUN_STANDARD

[Global flags]
     intx CICompilerCount                          = 4                                         {product} {ergonomic}
   size_t CompressedClassSpaceSize                 = 436207616                                 {product} {ergonomic}
     uint ConcGCThreads                            = 2                                         {product} {ergonomic}
     uint G1ConcRefinementThreads                  = 8                                         {product} {ergonomic}
   size_t G1HeapRegionSize                         = 1048576                                   {product} {ergonomic}
    uintx GCDrainStackTargetSize                   = 64                                        {product} {ergonomic}
   size_t InitialHeapSize                          = 132120576                                 {product} {ergonomic}
   size_t MarkStackSize                            = 4194304                                   {product} {ergonomic}
   size_t MaxHeapSize                              = 2147483648                                {product} {command line}
   size_t MaxMetaspaceSize                         = 536870912                                 {product} {command line}
   size_t MaxNewSize                               = 1287651328                                {product} {ergonomic}
   size_t MinHeapDeltaBytes                        = 1048576                                   {product} {ergonomic}
   size_t MinHeapSize                              = 8388608                                   {product} {ergonomic}
    uintx NonNMethodCodeHeapSize                   = 5839372                                {pd product} {ergonomic}
    uintx NonProfiledCodeHeapSize                  = 122909434                              {pd product} {ergonomic}
    uintx ProfiledCodeHeapSize                     = 122909434                              {pd product} {ergonomic}
    uintx ReservedCodeCacheSize                    = 251658240                              {pd product} {ergonomic}
     bool SegmentedCodeCache                       = true                                      {product} {ergonomic}
   size_t SoftMaxHeapSize                          = 2147483648                             {manageable} {ergonomic}
     bool UseCompressedClassPointers               = true                           {product lp64_product} {ergonomic}
     bool UseCompressedOops                        = true                           {product lp64_product} {ergonomic}
     bool UseG1GC                                  = true                                      {product} {ergonomic}
     bool UseLargePagesIndividualAllocation        = false                                  {pd product} {ergonomic}

Logging:
Log output configuration:
 #0: stdout all=warning uptime,level,tags
 #1: stderr all=off uptime,level,tags

Environment Variables:
JAVA_HOME=C:\Program Files\Microsoft\jdk-17.0.8.7-hotspot\
CLASSPATH=C:\Users\Franc\Desktop\Focusthink-sidrim\android\\gradle\wrapper\gradle-wrapper.jar
PATH=C:\Users\Franc\Desktop\Focusthink-sidrim\node_modules\.bin;C:\Users\Franc\Desktop\node_modules\.bin;C:\Users\Franc\node_modules\.bin;C:\Users\node_modules\.bin;C:\node_modules\.bin;C:\Users\Franc\AppData\Roaming\npm\node_modules\npm\node_modules\@npmcli\run-script\lib\node-gyp-bin;C:\Program Files\Microsoft\jdk-17.0.8.7-hotspot\bin;C:\Program Files (x86)\Razer\ChromaBroadcast\bin;C:\Program Files\Razer\ChromaBroadcast\bin;C:\Program Files\Common Files\Oracle\Java\javapath;C:\ProgramData\Oracle\Java\javapath;C:\Windows\system32;C:\Windows;C:\Windows\System32\Wbem;C:\Windows\System32\WindowsPowerShell\v1.0\;C:\Windows\System32\OpenSSH\;C:\Program Files (x86)\NVIDIA Corporation\PhysX\Common;C:\Program Files\NVIDIA Corporation\NVIDIA NvDLISR;C:\Program Files\nodejs\;C:\Program Files\dotnet\;C:\Windows\system32\config\systemprofile\AppData\Local\Microsoft\WindowsApps;C:\ProgramData\chocolatey\bin;C:\Program Files\Git\cmd;C:\Users\Franc\AppData\Local\Android\Sdk\plataform-tools\;C:\mongosh-1.43.0-win32-x64\mongosh-1.1.6-win32-x64\bin;C:\Program Files\MongoDB\Server\4.4\bin;C:\Program Files\MySQL\MySQL Shell 8.0\bin\;C:\Users\Franc\AppData\Local\Microsoft\WindowsApps;;C:\Users\Franc\AppData\Local\Programs\Microsoft VS Code\bin;C:\Users\Franc\AppData\Roaming\npm;C:\Users\Franc\.dotnet\tools
USERNAME=Franc
LANG=en_US.UTF-8
OS=Windows_NT
PROCESSOR_IDENTIFIER=Intel64 Family 6 Model 165 Stepping 2, GenuineIntel
TMP=C:\Users\Franc\AppData\Local\Temp
TEMP=C:\Users\Franc\AppData\Local\Temp



---------------  S Y S T E M  ---------------

OS:
 Windows 10 , 64 bit Build 19041 (10.0.19041.3636)
OS uptime: 0 days 1:52 hours

CPU: total 8 (initial active 8) (4 cores per cpu, 2 threads per core) family 6 model 165 stepping 2 microcode 0xe2, cx8, cmov, fxsr, ht, mmx, 3dnowpref, sse, sse2, sse3, ssse3, sse4.1, sse4.2, popcnt, lzcnt, tsc, tscinvbit, avx, avx2, aes, erms, clmul, bmi1, bmi2, adx, fma, vzeroupper, clflush, clflushopt
Processor Information for all 8 processors :
  Max Mhz: 2496, Current Mhz: 2496, Mhz Limit: 2496

Memory: 4k page, system-wide physical 8023M (365M free)
TotalPageFile size 20641M (AvailPageFile size 5048M)
current process WorkingSet (physical memory assigned to process): 641M, peak: 641M
current process commit charge ("private bytes"): 776M, peak: 777M

vm_info: OpenJDK 64-Bit Server VM (17.0.8+7-LTS) for windows-amd64 JRE (17.0.8+7-LTS), built on Jul  7 2023 17:21:55 by "MicrosoftCorporation" with MS VC++ 16.10 / 16.11 (VS2019)

END.
